"CLINGEN GENE DISEASE VALIDITY CURATIONS REDUCED","","","","","","","","",""
"FILE CREATED: 2026-08-25","","","","","","","","",""
"WEBPAGE: https://search.clinicalgenome.org/kb/gene-validity","","","","","","","","",""
"+++++++++++","++++++++++++++","+++++++++++++","++++++++++++++++++","+++++++++","+++++++++","++++++++++++++","+++++++++++++","+++++++++++++++++++","+++++++++++++++++++"
"GENE SYMBOL","GENE ID (HGNC)","DISEASE LABEL","DISEASE ID (MONDO)","MOI","SOP","CLASSIFICATION","ONLINE REPORT","CLASSIFICATION DATE","GCEP"
"+++++++++++","++++++++++++++","+++++++++++++","++++++++++++++++++","+++++++++","+++++++++","++++++++++++++","+++++++++++++","+++++++++++++++++++","+++++++++++++++++++"
"ABCD1","HGNC:61","adrenoleukodystrophy","MONDO:0018544","XL","SOP7","Definitive","https://search.clinicalgenome.org/kb/gene-validity/CGGV:assertion_815e0f84-b530-4fd2-81a9-02e02bf352ee-2020-12-18T050000.000Z","2020-12-18T05:00:00.000Z","Peroxisomal Disorders Gene Curation Expert Panel"
"ABCG5","HGNC:13886","sitosterolemia","MONDO:0008863","AR","SOP6","Definitive","https://search.clinicalgenome.org/kb/gene-validity/CGGV:assertion_c52c7403-8975-4a3f-8796-a966e977f708-2020-07-10T160000.000Z","2020-07-10T16:00:00.000Z","Hemostasis/Thrombosis Gene Curation Expert Panel"
"ABCG8","HGNC:13887","sitosterolemia","MONDO:0008863","AR","SOP6","Definitive","https://search.clinicalgenome.org/kb/gene-validity/CGGV:assertion_af59edc2-1148-4dca-b804-192639017b65-2020-07-14T202806.911Z","2020-07-14T20:28:06.911Z","Hemostasis/Thrombosis Gene Curation Expert Panel"
"ACSF3","HGNC:27288","combined malonic and methylmalonic acidemia","MONDO:0013661","AR","SOP7","Definitive","https://search.clinicalgenome.org/kb/gene-validity/CGGV:assertion_b215e20c-7781-49a0-b473-9219cb07e0b9-2020-10-09T160000.000Z","2020-10-09T16:00:00.000Z","Aminoacidopathy Gene Curation Expert Panel"
"ACTN1","HGNC:163","platelet-type bleeding disorder 15","MONDO:0014078","AD","SOP7","Definitive","https://search.clinicalgenome.org/kb/gene-validity/CGGV:assertion_215f3113-cfb6-44cc-a68b-1eb6539c9fa0-2020-11-25T170000.000Z","2020-11-25T17:00:00.000Z","Hemostasis/Thrombosis Gene Curation Expert Panel"
"ACY1","HGNC:177","aminoacylase 1 deficiency","MONDO:0012368","AR","SOP7","Definitive","https://search.clinicalgenome.org/kb/gene-validity/CGGV:assertion_67196825-d32f-4070-9c15-debaa2287b73-2020-09-25T160000.000Z","2020-09-25T16:00:00.000Z","Aminoacidopathy Gene Curation Expert Panel"
"ADA","HGNC:186","severe combined immunodeficiency, autosomal recessive, T cell-negative, B cell-negative, NK cell-negative, due to adenosine deaminase deficiency","MONDO:0007064","AR","SOP7","Definitive","https://search.clinicalgenome.org/kb/gene-validity/CGGV:assertion_664ba77c-3db6-47da-941e-316ac819432a-2020-11-19T170000.000Z","2020-11-19T17:00:00.000Z","SCID-CID Gene Curation Expert Panel"
"ADAMTS13","HGNC:1366","congenital thrombotic thrombocytopenic purpura","MONDO:0010122","AR","SOP6","Definitive","https://search.clinicalgenome.org/kb/gene-validity/CGGV:assertion_6442c328-21be-482d-9ea9-ce694c1a5dd9-2020-03-25T160000.000Z","2020-03-25T16:00:00.000Z","Hemostasis/Thrombosis Gene Curation Expert Panel"
"ADAR","HGNC:225","Leigh syndrome","MONDO:0009723","AR","SOP7","Limited","https://search.clinicalgenome.org/kb/gene-validity/CGGV:assertion_03f538b5-43af-4699-9ddb-264077de21c9-2020-08-27T164642.352Z","2020-08-27T16:46:42.352Z","Mitochondrial Diseases Gene Curation Expert Panel"
"AGXT","HGNC:341","alanine glyoxylate aminotransferase deficiency","MONDO:0100278","AR","SOP7","Definitive","https://search.clinicalgenome.org/kb/gene-validity/CGGV:assertion_8460f17d-4d94-4a0c-ac46-41c86ce32e83-2020-02-07T170000.000Z","2020-02-07T17:00:00.000Z","Peroxisomal Disorders Gene Curation Expert Panel"
"AKAP9","HGNC:379","long QT syndrome","MONDO:0002442","AD","SOP8","Disputed","https://search.clinicalgenome.org/kb/gene-validity/CGGV:assertion_786eac72-8014-4fdf-b279-10a5faaa09b8-2020-12-15T002607.349Z","2020-12-15T00:26:07.349Z","Long QT syndrome Gene Curation Expert Panel"
"ANK2","HGNC:493","long QT syndrome","MONDO:0002442","AD","SOP8","Disputed","https://search.clinicalgenome.org/kb/gene-validity/CGGV:assertion_dd577817-d668-413c-95f9-d3e08a8cf5d3-2020-12-15T002719.834Z","2020-12-15T00:27:19.834Z","Long QT syndrome Gene Curation Expert Panel"
"ANKRD26","HGNC:29186","thrombocytopenia 2","MONDO:0008555","AD","SOP6","Definitive","https://search.clinicalgenome.org/kb/gene-validity/CGGV:assertion_e86bee2b-8353-48c2-8ea3-a6b2b26cdb2f-2019-09-25T160000.000Z","2019-09-25T16:00:00.000Z","Hemostasis/Thrombosis Gene Curation Expert Panel"
"ANTXR2","HGNC:21732","hyaline fibromatosis syndrome","MONDO:0009229","AR","SOP10","Definitive","https://search.clinicalgenome.org/kb/gene-validity/CGGV:assertion_0368b332-6765-451e-867b-71dd93e05ae4-2022-11-22T170000.000Z","2022-11-22T17:00:00.000Z","Syndromic Disorders Gene Curation Expert Panel"
"APOB","HGNC:603","familial hypobetalipoproteinemia 1","MONDO:0014252","SD","SOP7","Definitive","https://search.clinicalgenome.org/kb/gene-validity/CGGV:assertion_e7382aae-83d5-4a23-b1fe-e3d6acea8584-2020-02-26T170000.000Z","2020-02-26T17:00:00.000Z","General Gene Curation Expert Panel"
"ARID1B","HGNC:18040","Coffin-Siris syndrome","MONDO:0015452","AD","SOP6","Definitive","https://search.clinicalgenome.org/kb/gene-validity/CGGV:assertion_d487e6c4-9727-4315-90a2-11338128a8e5-2019-12-04T200734.569Z","2019-12-04T20:07:34.569Z","Intellectual Disability and Autism Gene Curation Expert Panel"
"ARL13B","HGNC:25419","Joubert syndrome","MONDO:0018772","AR","SOP7","Definitive","https://search.clinicalgenome.org/kb/gene-validity/CGGV:assertion_f6c474c9-4035-498c-a902-03be50d36205-2020-06-03T210114.719Z","2020-06-03T21:01:14.719Z","Syndromic Disorders Gene Curation Expert Panel"
"ARMC2","HGNC:23045","spermatogenic failure 38","MONDO:0032748","AR","SOP9","Definitive","https://search.clinicalgenome.org/kb/gene-validity/CGGV:assertion_aef0ad23-4568-4ef7-94e9-557981bfbe6c-2023-05-10T160000.000Z","2023-05-10T16:00:00.000Z","Motile Ciliopathy Gene Curation Expert Panel"
"ARPC1B","HGNC:704","platelet abnormalities with eosinophilia and immune-mediated inflammatory disease","MONDO:0060583","AR","SOP7","Definitive","https://search.clinicalgenome.org/kb/gene-validity/CGGV:assertion_13909f11-a592-41cc-ade9-c77a5b49b253-2020-07-22T160000.000Z","2020-07-22T16:00:00.000Z","Hemostasis/Thrombosis Gene Curation Expert Panel"
"ARSA","HGNC:713","metachromatic leukodystrophy","MONDO:0018868","AR","SOP9","Definitive","https://search.clinicalgenome.org/kb/gene-validity/CGGV:assertion_a8d351d5-5158-4cc2-b4dd-d3179b53e2a4-2023-06-15T160000.000Z","2023-06-15T16:00:00.000Z","Lysosomal Diseases Gene Curation Expert Panel"
"ARX","HGNC:18060","X-linked complex neurodevelopmental disorder","MONDO:0100148","XL","SOP8","Definitive","https://search.clinicalgenome.org/kb/gene-validity/CGGV:assertion_ccf3ab49-ee8f-4980-aa04-ca13c21c124a-2020-12-01T170000.000Z","2020-12-01T17:00:00.000Z","Intellectual Disability and Autism Gene Curation Expert Panel"
"ASPA","HGNC:756","Canavan disease","MONDO:0010079","AR","SOP7","Definitive","https://search.clinicalgenome.org/kb/gene-validity/CGGV:assertion_66306eff-659f-4508-a41b-1820e47e0e1d-2020-10-08T161701.633Z","2020-10-08T16:17:01.633Z","Aminoacidopathy Gene Curation Expert Panel"
"ATP5MK","HGNC:30889","Leigh syndrome","MONDO:0009723","AR","SOP7","Moderate","https://search.clinicalgenome.org/kb/gene-validity/CGGV:assertion_ff19a86d-404a-464e-8da6-8824ce45ed20-2020-08-27T164252.070Z","2020-08-27T16:42:52.070Z","Mitochondrial Diseases Gene Curation Expert Panel"
"ATP6AP2","HGNC:18305","ATP6AP2-related disorder","MONDO:0100146","XL","SOP7","Definitive","https://search.clinicalgenome.org/kb/gene-validity/CGGV:assertion_ac33652a-dd98-46f4-ba4e-d3d5a482a22e-2020-09-14T160000.000Z","2020-09-14T16:00:00.000Z","Intellectual Disability and Autism Gene Curation Expert Panel"
"AUTS2","HGNC:14262","syndromic intellectual disability","MONDO:0000508","AD","SOP7","Definitive","https://search.clinicalgenome.org/kb/gene-validity/CGGV:assertion_582999f6-b3b4-46de-90a0-8f44e22df469-2020-09-01T160000.000Z","2020-09-01T16:00:00.000Z","Intellectual Disability and Autism Gene Curation Expert Panel"
"BCAT2","HGNC:977","hypervalinemia and hyperleucine-isoleucinemia","MONDO:0100058","AR","SOP7","Definitive","https://search.clinicalgenome.org/kb/gene-validity/CGGV:assertion_b5e16ee6-88c9-4872-8681-dd7fd0156b0f-2020-07-24T172325.905Z","2020-07-24T17:23:25.905Z","Aminoacidopathy Gene Curation Expert Panel"
"BCL11A","HGNC:13221","Dias-Logan syndrome","MONDO:0014914","AD","SOP7","Definitive","https://search.clinicalgenome.org/kb/gene-validity/CGGV:assertion_9630f9a3-3f90-49c6-ae8b-6313c950b1b2-2020-09-13T171807.228Z","2020-09-13T17:18:07.228Z","Intellectual Disability and Autism Gene Curation Expert Panel"
"BCOR","HGNC:20893","microphthalmia, syndromic 2","MONDO:0010261","XL","SOP8","Definitive","https://search.clinicalgenome.org/kb/gene-validity/CGGV:assertion_3da06b77-1ed0-4197-948c-a9bbf80b6ed4-2020-12-17T171347.861Z","2020-12-17T17:13:47.861Z","Syndromic Disorders Gene Curation Expert Panel"
"BMPR2","HGNC:1078","pulmonary arterial hypertension","MONDO:0015924","AD","SOP7","Definitive","https://search.clinicalgenome.org/kb/gene-validity/CGGV:assertion_a20ce78b-18ba-436c-877e-a08d092ac7c7-2020-12-07T172318.621Z","2020-12-07T17:23:18.621Z","Pulmonary Hypertension Gene Curation Expert Panel"
"BRWD1","HGNC:12760","primary ciliary dyskinesia","MONDO:0016575","AR","SOP9","Disputed","https://search.clinicalgenome.org/kb/gene-validity/CGGV:assertion_9f74ee87-e640-4604-9bb7-e7617907f92c-2022-11-10T110000.000Z","2022-11-10T11:00:00.000Z","Motile Ciliopathy Gene Curation Expert Panel"
"BRWD1","HGNC:12760","agammaglobulinemia","MONDO:0015977","AD","SOP9","Limited","https://search.clinicalgenome.org/kb/gene-validity/CGGV:assertion_a44471f3-0951-4456-955d-916b691e59f5-2022-12-08T170000.000Z","2022-12-08T17:00:00.000Z","Antibody Deficiencies Gene Curation Expert Panel"
"BTK","HGNC:1133","isolated growth hormone deficiency type III","MONDO:0010615","XL","SOP7","Disputed","https://search.clinicalgenome.org/kb/gene-validity/CGGV:assertion_6341781b-9ba9-41b1-889a-8d65a9b3ebb7-2020-11-17T170000.000Z","2020-11-17T17:00:00.000Z","Antibody Deficiencies Gene Curation Expert Panel"
"BTK","HGNC:1133","Bruton-type agammaglobulinemia","MONDO:0010421","XL","SOP7","Definitive","https://search.clinicalgenome.org/kb/gene-validity/CGGV:assertion_8dc4d594-2103-46ad-a786-f4bda9b95995-2020-10-20T160000.000Z","2020-10-20T16:00:00.000Z","Antibody Deficiencies Gene Curation Expert Panel"
"CABP2","HGNC:1385","nonsyndromic genetic hearing loss","MONDO:0019497","AR","SOP7","Definitive","https://search.clinicalgenome.org/kb/gene-validity/CGGV:assertion_20de88d2-6681-4522-9e11-26cdf66a2c15-2020-02-06T170000.000Z","2020-02-06T17:00:00.000Z","Hearing Loss Gene Curation Expert Panel"
"CACNA1C","HGNC:1390","short QT syndrome","MONDO:0000453","AD","SOP7","Disputed","https://search.clinicalgenome.org/kb/gene-validity/CGGV:assertion_51dae85e-8745-48c1-8fb9-cabc2501d3fb-2020-08-03T160000.000Z","2020-08-03T16:00:00.000Z","Short QT syndrome Gene Curation Expert Panel"
"CACNA2D1","HGNC:1399","short QT syndrome","MONDO:0000453","AD","SOP7","Disputed","https://search.clinicalgenome.org/kb/gene-validity/CGGV:assertion_896733cc-c686-4279-affb-e1860fd10ca2-2020-09-05T160000.000Z","2020-09-05T16:00:00.000Z","Short QT syndrome Gene Curation Expert Panel"
"CAV3","HGNC:1529","long QT syndrome","MONDO:0002442","AD","SOP8","Limited","https://search.clinicalgenome.org/kb/gene-validity/CGGV:assertion_74aabddc-3402-46de-ba1e-f66aa273cd9c-2020-12-15T002855.870Z","2020-12-15T00:28:55.870Z","Long QT syndrome Gene Curation Expert Panel"
"CC2D1A","HGNC:30237","complex neurodevelopmental disorder","MONDO:0100038","AR","SOP6","Definitive","https://search.clinicalgenome.org/kb/gene-validity/CGGV:assertion_63def86b-765e-4f12-93a3-94ef911c3190-2020-01-08T170000.000Z","2020-01-08T17:00:00.000Z","Intellectual Disability and Autism Gene Curation Expert Panel"
"CD79A","HGNC:1698","agammaglobulinemia 3, autosomal recessive","MONDO:0013288","AR","SOP8","Definitive","https://search.clinicalgenome.org/kb/gene-validity/CGGV:assertion_12a6257c-c9ca-432a-ab76-b05985283381-2020-12-15T135909.057Z","2020-12-15T13:59:09.057Z","Antibody Deficiencies Gene Curation Expert Panel"
"CDC45","HGNC:1739","Meier-Gorlin syndrome 7","MONDO:0014894","AR","SOP9","Definitive","https://search.clinicalgenome.org/kb/gene-validity/CGGV:assertion_ab0dc4e6-06ae-4f78-8393-05ac2bbb563f-2023-05-30T160000.000Z","2023-05-30T16:00:00.000Z","Syndromic Disorders Gene Curation Expert Panel"
"CDK4","HGNC:1773","melanoma, cutaneous malignant, susceptibility to, 3","MONDO:0012183","AD","SOP7","Definitive","https://search.clinicalgenome.org/kb/gene-validity/CGGV:assertion_ca76579b-1432-4edc-84e8-b3332dce4ede-2020-01-13T194434.667Z","2020-01-13T19:44:34.667Z","Hereditary Cancer Gene Curation Expert Panel"
"CFI","HGNC:5394","atypical hemolytic-uremic syndrome","MONDO:0016244","AD","SOP9","Definitive","https://search.clinicalgenome.org/kb/gene-validity/CGGV:assertion_3a5fcd7c-0da5-4ba3-b0c6-2d40f985c418-2023-06-01T160000.000Z","2023-06-01T16:00:00.000Z","Complement-Mediated Kidney Diseases Gene Curation Expert Panel"
"CFI","HGNC:5394","C3 glomerulonephritis","MONDO:0013892","AD","SOP10","Moderate","https://search.clinicalgenome.org/kb/gene-validity/CGGV:assertion_943f6c06-e32b-4052-8628-4c28de20c838-2024-06-28T160000.000Z","2024-06-28T16:00:00.000Z","Complement-Mediated Kidney Diseases Gene Curation Expert Panel"
"CHAMP1","HGNC:20311","complex neurodevelopmental disorder","MONDO:0100038","AD","SOP10","Definitive","https://search.clinicalgenome.org/kb/gene-validity/CGGV:assertion_4c67e6d5-1d58-4544-85e3-3078eec26231-2024-01-11T190000.000Z","2024-01-11T19:00:00.000Z","Intellectual Disability and Autism Gene Curation Expert Panel"
"CHM","HGNC:1940","choroideremia","MONDO:0010557","XL","SOP7","Definitive","https://search.clinicalgenome.org/kb/gene-validity/CGGV:assertion_d84b01d6-8b3c-4a1e-bd25-68ee6962f374-2020-10-26T124704.094Z","2020-10-26T12:47:04.094Z","Retina Gene Curation Expert Panel"
"CHN1","HGNC:1943","Duane retraction syndrome 2","MONDO:0011444","AD","SOP10","Moderate","https://search.clinicalgenome.org/kb/gene-validity/CGGV:assertion_c19544e0-2fb1-4d8a-b1ad-f493068f76bb-2022-07-26T160000.000Z","2022-07-26T16:00:00.000Z","Brain Malformations Gene Curation Expert Panel"
"CHRNA2","HGNC:1956","benign familial infantile epilepsy","MONDO:0017615","AD","SOP9","Disputed","https://search.clinicalgenome.org/kb/gene-validity/CGGV:assertion_7916abab-d963-4e9c-8913-1decc21b680c-2020-01-07T050000.000Z","2020-01-07T05:00:00.000Z","Epilepsy Gene Curation Expert Panel"
"CIB2","HGNC:24579","Usher syndrome type 1","MONDO:0010168","AR","SOP6","Refuted","https://search.clinicalgenome.org/kb/gene-validity/CGGV:assertion_95709038-78a4-4043-a054-9cbe245d2588-2019-02-19T170000.000Z","2019-02-19T17:00:00.000Z","Hearing Loss Gene Curation Expert Panel"
"CIB2","HGNC:24579","nonsyndromic genetic hearing loss","MONDO:0019497","AR","SOP6","Definitive","https://search.clinicalgenome.org/kb/gene-validity/CGGV:assertion_d4187cb6-182f-43fc-aeec-d27297c36bdb-2018-02-20T170000.000Z","2018-02-20T17:00:00.000Z","Hearing Loss Gene Curation Expert Panel"
"CIITA","HGNC:7067","MHC class II deficiency","MONDO:0008855","AR","SOP9","Definitive","https://search.clinicalgenome.org/kb/gene-validity/CGGV:assertion_0dab225e-0bdd-4f96-a351-4e490601ba15-2022-11-03T170000.000Z","2022-11-03T17:00:00.000Z","SCID-CID Gene Curation Expert Panel"
"CLCN2","HGNC:2020","epilepsy","MONDO:0005027","AD","SOP8","Refuted","https://search.clinicalgenome.org/kb/gene-validity/CGGV:assertion_ba2a1616-b3d7-4762-a546-c838333db683-2022-03-15T040000.000Z","2022-03-15T04:00:00.000Z","Epilepsy Gene Curation Expert Panel"
"CLN6","HGNC:2077","neuronal ceroid lipofuscinosis","MONDO:0016295","AR","SOP7","Definitive","https://search.clinicalgenome.org/kb/gene-validity/CGGV:assertion_09654b45-6649-4d11-b43e-aeb6d20fb86d-2020-12-01T170000.000Z","2020-12-01T17:00:00.000Z","Epilepsy Gene Curation Expert Panel"
"CLN8","HGNC:2079","neuronal ceroid lipofuscinosis","MONDO:0016295","AR","SOP7","Definitive","https://search.clinicalgenome.org/kb/gene-validity/CGGV:assertion_68775ed0-576e-4ee7-90f2-d16329ecd7c1-2020-09-07T220116.243Z","2020-09-07T22:01:16.243Z","Epilepsy Gene Curation Expert Panel"
"CLPB","HGNC:30664","Leigh syndrome","MONDO:0009723","AR","SOP7","Limited","https://search.clinicalgenome.org/kb/gene-validity/CGGV:assertion_789c591d-1de7-4652-a0d1-f895b639233e-2020-11-23T201057.415Z","2020-11-23T20:10:57.415Z","Mitochondrial Diseases Gene Curation Expert Panel"
"CNKSR2","HGNC:19701","X-linked complex neurodevelopmental disorder","MONDO:0100148","XL","SOP8","Definitive","https://search.clinicalgenome.org/kb/gene-validity/CGGV:assertion_420ee599-c745-43b9-b9a9-c80dfd7f68a8-2020-12-16T170000.000Z","2020-12-16T17:00:00.000Z","Intellectual Disability and Autism Gene Curation Expert Panel"
"CSNK2A1","HGNC:2457","syndromic intellectual disability","MONDO:0000508","AD","SOP9","Definitive","https://search.clinicalgenome.org/kb/gene-validity/CGGV:assertion_007e16ed-7392-4050-88b1-2b2158ca2a28-2022-06-15T060000.000Z","2022-06-15T06:00:00.000Z","Intellectual Disability and Autism Gene Curation Expert Panel"
"CSTB","HGNC:2482","Unverricht-Lundborg syndrome","MONDO:0009698","AR","SOP8","Definitive","https://search.clinicalgenome.org/kb/gene-validity/CGGV:assertion_2926506c-5b75-4340-b821-e3ac846b6621-2020-06-16T160000.000Z","2020-06-16T16:00:00.000Z","Epilepsy Gene Curation Expert Panel"
"CTSD","HGNC:2529","neuronal ceroid lipofuscinosis","MONDO:0016295","AR","SOP7","Definitive","https://search.clinicalgenome.org/kb/gene-validity/CGGV:assertion_d74b1b2a-52a3-4192-b5b4-e4fd46ffc0ba-2020-11-03T180000.000Z","2020-11-03T18:00:00.000Z","Epilepsy Gene Curation Expert Panel"
"CUL3","HGNC:2553","pseudohypoaldosteronism type 2E","MONDO:0013782","AD","SOP8","Definitive","https://search.clinicalgenome.org/kb/gene-validity/CGGV:assertion_f697fb5e-72de-4116-9cad-706e2d651268-2021-12-01T013000.000Z","2021-12-01T01:30:00.000Z","Tubulopathy Gene Curation Expert Panel"
"CUL3","HGNC:2553","complex neurodevelopmental disorder","MONDO:0100038","AD","SOP8","Definitive","https://search.clinicalgenome.org/kb/gene-validity/CGGV:assertion_fb529ace-86b5-4209-9974-9c07a1c32956-2021-01-16T030942.670Z","2021-01-16T03:09:42.670Z","Intellectual Disability and Autism Gene Curation Expert Panel"
"DDX41","HGNC:18674","DDX41-related hematologic malignancy predisposition syndrome","MONDO:0014809","AD","SOP7","Definitive","https://search.clinicalgenome.org/kb/gene-validity/CGGV:assertion_e3db8214-a39d-408d-a3c2-7b4e817b1cc1-2020-07-30T202935.621Z","2020-07-30T20:29:35.621Z","Hereditary Cancer Gene Curation Expert Panel"
"DHTKD1","HGNC:23537","2-aminoadipic 2-oxoadipic aciduria","MONDO:0008774","AR","SOP7","Definitive","https://search.clinicalgenome.org/kb/gene-validity/CGGV:assertion_d6dd5de3-9819-432d-996c-12a66dff277f-2020-11-03T193815.515Z","2020-11-03T19:38:15.515Z","Aminoacidopathy Gene Curation Expert Panel"
"DIAPH3","HGNC:15480","auditory neuropathy","MONDO:0021944","AD","SOP7","Limited","https://search.clinicalgenome.org/kb/gene-validity/CGGV:assertion_fc54aaf6-8e1b-4c98-bcbe-e1f337f6eadc-2020-02-06T170000.000Z","2020-02-06T17:00:00.000Z","Hearing Loss Gene Curation Expert Panel"
"DMXL2","HGNC:2938","nonsyndromic genetic hearing loss","MONDO:0019497","AD","SOP7","Limited","https://search.clinicalgenome.org/kb/gene-validity/CGGV:assertion_746b46e8-0621-4879-80a1-4fb1679975be-2020-02-06T170000.000Z","2020-02-06T17:00:00.000Z","Hearing Loss Gene Curation Expert Panel"
"DNM2","HGNC:2974","Charcot-Marie-Tooth disease","MONDO:0015626","AD","SOP7","Definitive","https://search.clinicalgenome.org/kb/gene-validity/CGGV:assertion_7bc54e5d-eed5-4d40-9e0d-143bfeb88cac-2020-10-27T131827.010Z","2020-10-27T13:18:27.010Z","Charcot-Marie-Tooth Disease Gene Curation Expert Panel"
"DTNA","HGNC:3057","congenital heart disease","MONDO:0005453","AD","SOP10","Disputed","https://search.clinicalgenome.org/kb/gene-validity/CGGV:assertion_dd37e3a0-bb02-4450-86c5-46e9c64d1d39-2024-02-06T170000.000Z","2024-02-06T17:00:00.000Z","Congenital Heart Disease Gene Curation Expert Panel"
"DYRK1A","HGNC:3091","complex neurodevelopmental disorder","MONDO:0100038","AD","SOP7","Definitive","https://search.clinicalgenome.org/kb/gene-validity/CGGV:assertion_b336707e-f3a5-4554-9b37-0d29621b3562-2020-07-15T195802.528Z","2020-07-15T19:58:02.528Z","Intellectual Disability and Autism Gene Curation Expert Panel"
"EARS2","HGNC:29419","Leigh syndrome","MONDO:0009723","AR","SOP7","Definitive","https://search.clinicalgenome.org/kb/gene-validity/CGGV:assertion_774e378c-2636-41ad-be48-a2c00328ab9c-2020-03-19T190729.531Z","2020-03-19T19:07:29.531Z","Mitochondrial Diseases Gene Curation Expert Panel"
"EBP","HGNC:3133","MEND syndrome","MONDO:0010498","XL","SOP9","Definitive","https://search.clinicalgenome.org/kb/gene-validity/CGGV:assertion_21e97c32-52ae-4331-8788-64d652f20af3-2022-09-07T180000.000Z","2022-09-07T18:00:00.000Z","Intellectual Disability and Autism Gene Curation Expert Panel"
"EDN3","HGNC:3178","Waardenburg syndrome type 4B","MONDO:0013201","AD","SOP5","Limited","https://search.clinicalgenome.org/kb/gene-validity/CGGV:assertion_04e39ada-cd77-43f0-98f3-7b4a37668a96-2018-05-08T160000.000Z","2018-05-08T16:00:00.000Z","Hearing Loss Gene Curation Expert Panel"
"EEF1A2","HGNC:3192","complex neurodevelopmental disorder","MONDO:0100038","AD","SOP6","Definitive","https://search.clinicalgenome.org/kb/gene-validity/CGGV:assertion_17551147-b62c-47a9-a12a-f425c23d90ff-2019-03-19T160000.000Z","2019-03-19T16:00:00.000Z","Epilepsy Gene Curation Expert Panel"
"EFNB1","HGNC:3226","craniofrontonasal syndrome","MONDO:0010570","XL","SOP7","Definitive","https://search.clinicalgenome.org/kb/gene-validity/CGGV:assertion_31ffbd0b-5c6b-4396-a84c-9330d81e4a08-2020-10-26T154650.453Z","2020-10-26T15:46:50.453Z","Craniofacial Malformations Gene Curation Expert Panel"
"EGFR","HGNC:3236","non-small cell lung carcinoma","MONDO:0005233","AD","SOP7","Definitive","https://search.clinicalgenome.org/kb/gene-validity/CGGV:assertion_49342c73-96d7-45ba-9c90-d2d5e5710636-2020-07-30T202207.418Z","2020-07-30T20:22:07.418Z","Hereditary Cancer Gene Curation Expert Panel"
"ELAC2","HGNC:14198","mitochondrial disease","MONDO:0044970","AR","SOP8","Definitive","https://search.clinicalgenome.org/kb/gene-validity/CGGV:assertion_ff57f761-51cd-41aa-a287-7387e0f5f028-2022-07-21T040000.000Z","2022-07-21T04:00:00.000Z","Mitochondrial Diseases Gene Curation Expert Panel"
"ELANE","HGNC:3309","neutropenia","MONDO:0001475","AD","SOP7","Definitive","https://search.clinicalgenome.org/kb/gene-validity/CGGV:assertion_259c43d2-b114-43bd-9e4e-a7beeb644323-2020-05-14T000924.456Z","2020-05-14T00:09:24.456Z","Hereditary Cancer Gene Curation Expert Panel"
"ELN","HGNC:3327","cutis laxa, autosomal dominant 1","MONDO:0007411","AD","SOP11","Definitive","https://search.clinicalgenome.org/kb/gene-validity/CGGV:assertion_6bfdc253-320e-4c03-959f-57348fe403fd-2024-10-04T160000.000Z","2024-10-04T16:00:00.000Z","Hereditary Cardiovascular Disease Gene Curation Expert Panel"
"EPM2A","HGNC:3413","Lafora disease","MONDO:0009697","AR","SOP7","Definitive","https://search.clinicalgenome.org/kb/gene-validity/CGGV:assertion_f970ced6-0164-41ed-9e1f-1fb9f892bca6-2020-05-23T190000.000Z","2020-05-23T19:00:00.000Z","Epilepsy Gene Curation Expert Panel"
"EPS8","HGNC:3420","autosomal recessive nonsyndromic hearing loss 102","MONDO:0014428","AR","SOP7","Moderate","https://search.clinicalgenome.org/kb/gene-validity/CGGV:assertion_7a6bd2bf-8ede-45cb-a1c1-65ee5221b440-2020-02-06T171614.553Z","2020-02-06T17:16:14.553Z","Hearing Loss Gene Curation Expert Panel"
"EPS8L2","HGNC:21296","nonsyndromic genetic hearing loss","MONDO:0019497","AR","SOP7","Moderate","https://search.clinicalgenome.org/kb/gene-validity/CGGV:assertion_e0022ad7-8497-4139-94a7-2546ba482c88-2020-02-05T170000.000Z","2020-02-05T17:00:00.000Z","Hearing Loss Gene Curation Expert Panel"
"ETV6","HGNC:3495","thrombocytopenia 5","MONDO:0014536","AD","SOP7","Definitive","https://search.clinicalgenome.org/kb/gene-validity/CGGV:assertion_92a8c1cb-91c1-45cd-adbe-4180b1f6da7d-2020-01-22T170000.000Z","2020-01-22T17:00:00.000Z","Hemostasis/Thrombosis Gene Curation Expert Panel"
"EYS","HGNC:21555","EYS-related retinopathy","MONDO:0800391","AR","SOP9","Definitive","https://search.clinicalgenome.org/kb/gene-validity/CGGV:assertion_7f70860e-464d-4d26-aee0-07ef03e4da1b-2022-11-03T160000.000Z","2022-11-03T16:00:00.000Z","Retina Gene Curation Expert Panel"
"F12","HGNC:3530","congenital factor XII deficiency","MONDO:0009315","AR","SOP7","Definitive","https://search.clinicalgenome.org/kb/gene-validity/CGGV:assertion_50bbe8d0-4feb-43c7-8573-9d7f85c82e54-2020-01-22T170000.000Z","2020-01-22T17:00:00.000Z","Hemostasis/Thrombosis Gene Curation Expert Panel"
"F13A1","HGNC:3531","factor XIII, A subunit, deficiency of","MONDO:0013187","AR","SOP6","Definitive","https://search.clinicalgenome.org/kb/gene-validity/CGGV:assertion_dd9321a7-f45d-419e-94ce-101ab545a847-2020-07-22T160000.000Z","2020-07-22T16:00:00.000Z","Hemostasis/Thrombosis Gene Curation Expert Panel"
"F13B","HGNC:3534","factor XIII, b subunit, deficiency of","MONDO:0013190","AR","SOP6","Definitive","https://search.clinicalgenome.org/kb/gene-validity/CGGV:assertion_403b3588-323c-4103-9207-cc9c8be12281-2020-07-22T160000.000Z","2020-07-22T16:00:00.000Z","Hemostasis/Thrombosis Gene Curation Expert Panel"
"F2","HGNC:3535","thrombophilia due to thrombin defect","MONDO:0008559","AD","SOP6","Definitive","https://search.clinicalgenome.org/kb/gene-validity/CGGV:assertion_6389b3a3-ef86-4588-9be8-eb79dcb8d3cd-2020-06-24T160000.000Z","2020-06-24T16:00:00.000Z","Hemostasis/Thrombosis Gene Curation Expert Panel"
"F2","HGNC:3535","congenital prothrombin deficiency","MONDO:0013361","AR","SOP6","Definitive","https://search.clinicalgenome.org/kb/gene-validity/CGGV:assertion_6ba9c4b9-9984-4d31-a9ae-bf638838f201-2020-06-24T160000.000Z","2020-06-24T16:00:00.000Z","Hemostasis/Thrombosis Gene Curation Expert Panel"
"F5","HGNC:3542","congenital factor V deficiency","MONDO:0009210","AR","SOP6","Definitive","https://search.clinicalgenome.org/kb/gene-validity/CGGV:assertion_beaa3af3-7d91-4d53-b081-de0e660c16c6-2020-03-25T160000.000Z","2020-03-25T16:00:00.000Z","Hemostasis/Thrombosis Gene Curation Expert Panel"
"FANCE","HGNC:3586","Fanconi anemia complementation group E","MONDO:0010953","AR","SOP7","Definitive","https://search.clinicalgenome.org/kb/gene-validity/CGGV:assertion_6da55a6e-2cf8-499c-b842-b5a435dbff3f-2020-05-14T001745.604Z","2020-05-14T00:17:45.604Z","Hereditary Cancer Gene Curation Expert Panel"
"FANCG","HGNC:3588","Fanconi anemia complementation group G","MONDO:0013565","AR","SOP6","Definitive","https://search.clinicalgenome.org/kb/gene-validity/CGGV:assertion_1913bd10-1355-4067-93b6-9068924d77df-2019-04-19T160000.000Z","2019-04-19T16:00:00.000Z","Hereditary Cancer Gene Curation Expert Panel"
"FANCL","HGNC:20748","Fanconi anemia complementation group L","MONDO:0013566","AR","SOP7","Definitive","https://search.clinicalgenome.org/kb/gene-validity/CGGV:assertion_93d0cb5f-4859-4b28-b647-3f8226fe5921-2020-07-30T203845.671Z","2020-07-30T20:38:45.671Z","Hereditary Cancer Gene Curation Expert Panel"
"FBXL4","HGNC:13601","Leigh syndrome","MONDO:0009723","AR","SOP7","Definitive","https://search.clinicalgenome.org/kb/gene-validity/CGGV:assertion_fed67104-182c-48f2-85c0-ecb05cd6dd72-2020-11-23T193117.246Z","2020-11-23T19:31:17.246Z","Mitochondrial Diseases Gene Curation Expert Panel"
"FGA","HGNC:3661","congenital fibrinogen deficiency","MONDO:0018060","SD","SOP7","Definitive","https://search.clinicalgenome.org/kb/gene-validity/CGGV:assertion_d34ded98-dbf7-4dc7-bea4-803db1857bf8-2020-01-22T170000.000Z","2020-01-22T17:00:00.000Z","Hemostasis/Thrombosis Gene Curation Expert Panel"
"FGB","HGNC:3662","congenital fibrinogen deficiency","MONDO:0018060","SD","SOP7","Definitive","https://search.clinicalgenome.org/kb/gene-validity/CGGV:assertion_638c1588-9674-4bc3-a39c-2fc8f8b0ef09-2020-01-22T170000.000Z","2020-01-22T17:00:00.000Z","Hemostasis/Thrombosis Gene Curation Expert Panel"
"FGD4","HGNC:19125","Charcot-Marie-Tooth disease","MONDO:0015626","AR","SOP7","Definitive","https://search.clinicalgenome.org/kb/gene-validity/CGGV:assertion_e0aae8cd-9d57-4d8c-83ae-ed968cf186bc-2020-04-14T131822.010Z","2020-04-14T13:18:22.010Z","Charcot-Marie-Tooth Disease Gene Curation Expert Panel"
"FGG","HGNC:3694","congenital fibrinogen deficiency","MONDO:0018060","SD","SOP7","Definitive","https://search.clinicalgenome.org/kb/gene-validity/CGGV:assertion_9ef37f0f-a5ae-402c-b319-7f7d731ecbb1-2020-01-23T173301.596Z","2020-01-23T17:33:01.596Z","Hemostasis/Thrombosis Gene Curation Expert Panel"
"FLNA","HGNC:3754","periventricular nodular heterotopia","MONDO:0020341","XL","SOP8","Definitive","https://search.clinicalgenome.org/kb/gene-validity/CGGV:assertion_80bc6280-7c21-4168-8a98-93c31fead5d7-2020-12-27T231155.213Z","2020-12-27T23:11:55.213Z","Intellectual Disability and Autism Gene Curation Expert Panel"
"FMO3","HGNC:3771","trimethylaminuria","MONDO:0011182","AR","SOP7","Definitive","https://search.clinicalgenome.org/kb/gene-validity/CGGV:assertion_18ed3960-c745-46f1-aecc-155e713d6ef5-2020-08-14T184718.502Z","2020-08-14T18:47:18.502Z","Aminoacidopathy Gene Curation Expert Panel"
"GABRG2","HGNC:4087","epilepsy","MONDO:0005027","AD","SOP7","Definitive","https://search.clinicalgenome.org/kb/gene-validity/CGGV:assertion_3a3176e9-ac0c-41fe-ae40-0750726c33d8-2020-01-21T170000.000Z","2020-01-21T17:00:00.000Z","Epilepsy Gene Curation Expert Panel"
"GANAB","HGNC:4138","polycystic kidney disease 3 with or without polycystic liver disease","MONDO:0010916","AD","SOP7","Definitive","https://search.clinicalgenome.org/kb/gene-validity/CGGV:assertion_e6392961-a64a-4818-903a-0bf88b32e736-2020-09-09T160000.000Z","2020-09-09T16:00:00.000Z","Kidney Cystic and Ciliopathy Disorders Gene Curation Expert Panel"
"GATA1","HGNC:4170","GATA1-Related X-Linked Cytopenia","MONDO:0100089","XL","SOP7","Definitive","https://search.clinicalgenome.org/kb/gene-validity/CGGV:assertion_ad980194-b275-4bbb-b3df-73c1a50d3eac-2020-05-27T040000.000Z","2020-05-27T04:00:00.000Z","Hemostasis/Thrombosis Gene Curation Expert Panel"
"GCH1","HGNC:4193","GTP cyclohydrolase I deficiency","MONDO:0100184","SD","SOP7","Definitive","https://search.clinicalgenome.org/kb/gene-validity/CGGV:assertion_ed6c1e6c-5856-48aa-aa8f-47328e6b09eb-2020-12-11T200937.286Z","2020-12-11T20:09:37.286Z","Aminoacidopathy Gene Curation Expert Panel"
"GDAP1","HGNC:15968","Charcot-Marie-Tooth disease","MONDO:0015626","SD","SOP7","Definitive","https://search.clinicalgenome.org/kb/gene-validity/CGGV:assertion_c6d93637-02f5-4f5d-b7a9-17356f084149-2020-07-28T144211.873Z","2020-07-28T14:42:11.873Z","Charcot-Marie-Tooth Disease Gene Curation Expert Panel"
"GJB1","HGNC:4283","Charcot-Marie-Tooth disease X-linked dominant 1","MONDO:0010549","XL","SOP7","Definitive","https://search.clinicalgenome.org/kb/gene-validity/CGGV:assertion_fcacd858-2376-4cc0-983a-156145e36595-2020-01-14T170000.000Z","2020-01-14T17:00:00.000Z","Charcot-Marie-Tooth Disease Gene Curation Expert Panel"
"GLUD1","HGNC:4335","hyperinsulinism-hyperammonemia syndrome","MONDO:0011717","AD","SOP7","Definitive","https://search.clinicalgenome.org/kb/gene-validity/CGGV:assertion_924bd593-ba5a-49a5-bb71-8224271a713b-2020-11-13T170000.000Z","2020-11-13T17:00:00.000Z","Aminoacidopathy Gene Curation Expert Panel"
"GNS","HGNC:4422","mucopolysaccharidosis type 3D","MONDO:0009658","AR","SOP9","Definitive","https://search.clinicalgenome.org/kb/gene-validity/CGGV:assertion_63312833-baef-4b11-9769-c93957decef6-2022-09-02T160000.000Z","2022-09-02T16:00:00.000Z","Lysosomal Diseases Gene Curation Expert Panel"
"GP1BA","HGNC:4439","Bernard-Soulier syndrome","MONDO:0009276","AR","SOP7","Definitive","https://search.clinicalgenome.org/kb/gene-validity/CGGV:assertion_7e3aa94f-1e87-4806-bc47-2f8c40e3d1bc-2020-05-27T160000.000Z","2020-05-27T16:00:00.000Z","Hemostasis/Thrombosis Gene Curation Expert Panel"
"GP1BA","HGNC:4439","platelet-type von Willebrand disease","MONDO:0008332","AD","SOP7","Definitive","https://search.clinicalgenome.org/kb/gene-validity/CGGV:assertion_8fef91aa-8c41-4044-b601-da24c2bab351-2020-05-27T160000.000Z","2020-05-27T16:00:00.000Z","Hemostasis/Thrombosis Gene Curation Expert Panel"
"GRN","HGNC:4601","frontotemporal dementia and/or amyotrophic lateral sclerosis","MONDO:0030923","AD","SOP9","Definitive","https://search.clinicalgenome.org/kb/gene-validity/CGGV:assertion_e76545e6-2411-44c5-a458-99f02aa7ff44-2023-05-25T160000.000Z","2023-05-25T16:00:00.000Z","Amyotrophic Lateral Sclerosis Spectrum Disorders Gene Curation Expert Panel"
"GTPBP3","HGNC:14880","Leigh syndrome","MONDO:0009723","AR","SOP7","Moderate","https://search.clinicalgenome.org/kb/gene-validity/CGGV:assertion_0d1b0a47-e62d-48dd-8e0d-f2b1aff014a7-2020-02-12T203256.857Z","2020-02-12T20:32:56.857Z","Mitochondrial Diseases Gene Curation Expert Panel"
"HBB","HGNC:4827","beta-thalassemia HBB/LCRB","MONDO:0013517","AR","SOP9","Definitive","https://search.clinicalgenome.org/kb/gene-validity/CGGV:assertion_10e10aac-d9cc-4422-8fb9-b206e642bb27-2023-04-26T160000.000Z","2023-04-26T16:00:00.000Z","General Gene Curation Expert Panel"
"HEXA","HGNC:4878","Tay-Sachs disease","MONDO:0010100","AR","SOP7","Definitive","https://search.clinicalgenome.org/kb/gene-validity/CGGV:assertion_1f7530b5-af31-40f9-ac18-a1b4d404285a-2020-05-27T160000.000Z","2020-05-27T16:00:00.000Z","General Gene Curation Expert Panel"
"HPS1","HGNC:5163","Hermansky-Pudlak syndrome 1","MONDO:0008748","AR","SOP6","Definitive","https://search.clinicalgenome.org/kb/gene-validity/CGGV:assertion_f6d44a89-527f-4864-a1e1-dcd0a17000ca-2019-07-22T142842.174Z","2019-07-22T14:28:42.174Z","Hemostasis/Thrombosis Gene Curation Expert Panel"
"HPS3","HGNC:15597","Hermansky-Pudlak syndrome 3","MONDO:0013555","AR","SOP6","Definitive","https://search.clinicalgenome.org/kb/gene-validity/CGGV:assertion_80370671-df62-4330-89f4-216d350e5958-2020-02-26T170000.000Z","2020-02-26T17:00:00.000Z","Hemostasis/Thrombosis Gene Curation Expert Panel"
"HPS4","HGNC:15844","Hermansky-Pudlak syndrome 4","MONDO:0013556","AR","SOP7","Definitive","https://search.clinicalgenome.org/kb/gene-validity/CGGV:assertion_3649fe18-730d-4d46-ad60-b70d421abc02-2020-05-27T160000.000Z","2020-05-27T16:00:00.000Z","Hemostasis/Thrombosis Gene Curation Expert Panel"
"HPS5","HGNC:17022","Hermansky-Pudlak syndrome 5","MONDO:0013557","AR","SOP7","Definitive","https://search.clinicalgenome.org/kb/gene-validity/CGGV:assertion_a761e746-824f-496c-8d9f-4f8cd50423c3-2020-10-28T160000.000Z","2020-10-28T16:00:00.000Z","Hemostasis/Thrombosis Gene Curation Expert Panel"
"HPS6","HGNC:18817","Hermansky-Pudlak syndrome 6","MONDO:0013558","AR","SOP7","Definitive","https://search.clinicalgenome.org/kb/gene-validity/CGGV:assertion_602ae8f1-9e7f-4cc6-bf70-d572d98828c5-2020-11-25T170000.000Z","2020-11-25T17:00:00.000Z","Hemostasis/Thrombosis Gene Curation Expert Panel"
"HSD17B4","HGNC:5213","d-bifunctional protein deficiency","MONDO:0009855","AR","SOP7","Definitive","https://search.clinicalgenome.org/kb/gene-validity/CGGV:assertion_b992de69-49b3-496d-a83a-5bcc427fdf98-2020-04-17T160000.000Z","2020-04-17T16:00:00.000Z","Peroxisomal Disorders Gene Curation Expert Panel"
"HSD3B7","HGNC:18324","congenital bile acid synthesis defect 1","MONDO:0011906","AR","SOP8","Definitive","https://search.clinicalgenome.org/kb/gene-validity/CGGV:assertion_ca1a2268-641c-422f-b065-8866af654d94-2022-07-11T160000.000Z","2022-07-11T16:00:00.000Z","General Inborn Errors of Metabolism Gene Curation Expert Panel"
"IDUA","HGNC:5391","mucopolysaccharidosis type 1","MONDO:0001586","AR","SOP7","Definitive","https://search.clinicalgenome.org/kb/gene-validity/CGGV:assertion_042f8964-a8e1-4880-b873-73460088e8bf-2020-05-27T160000.000Z","2020-05-27T16:00:00.000Z","General Gene Curation Expert Panel"
"IL2RG","HGNC:6010","T-B+ severe combined immunodeficiency due to gamma chain deficiency","MONDO:0010315","XL","SOP8","Definitive","https://search.clinicalgenome.org/kb/gene-validity/CGGV:assertion_e4a8be06-e082-47c7-b005-956b51424fd2-2021-04-22T191103.318Z","2021-04-22T19:11:03.318Z","SCID-CID Gene Curation Expert Panel"
"INS","HGNC:6081","monogenic diabetes","MONDO:0015967","AR","SOP7","Definitive","https://search.clinicalgenome.org/kb/gene-validity/CGGV:assertion_9c21ba4d-785f-486f-84f8-511b9c89c137-2020-05-13T160000.000Z","2020-05-13T16:00:00.000Z","Monogenic Diabetes Gene Curation Expert Panel"
"INS","HGNC:6081","monogenic diabetes","MONDO:0015967","AD","SOP7","Definitive","https://search.clinicalgenome.org/kb/gene-validity/CGGV:assertion_c5224322-637e-40a8-89eb-d44e01536f25-2020-05-13T160000.000Z","2020-05-13T16:00:00.000Z","Monogenic Diabetes Gene Curation Expert Panel"
"JAK3","HGNC:6193","T-B+ severe combined immunodeficiency due to JAK3 deficiency","MONDO:0010938","AR","SOP8","Definitive","https://search.clinicalgenome.org/kb/gene-validity/CGGV:assertion_669dcacf-8423-4507-a36c-feab049737b3-2020-12-18T200520.841Z","2020-12-18T20:05:20.841Z","SCID-CID Gene Curation Expert Panel"
"KAT6B","HGNC:17582","KAT6B-related multiple congenital anomalies syndrome","MONDO:0036042","AD","SOP9","Definitive","https://search.clinicalgenome.org/kb/gene-validity/CGGV:assertion_8cea46b8-c173-46f6-bd81-46b5411d0a0e-2023-01-04T070000.000Z","2023-01-04T07:00:00.000Z","Intellectual Disability and Autism Gene Curation Expert Panel"
"KAT6B","HGNC:17582","RASopathy","MONDO:0021060","AD","SOP6","Disputed","https://search.clinicalgenome.org/kb/gene-validity/CGGV:assertion_fb3c40d8-3aea-45bf-949e-c3ba7d96a6b4-2019-02-04T170000.000Z","2019-02-04T17:00:00.000Z","RASopathy Gene Curation Expert Panel"
"KCNE1","HGNC:6240","long QT syndrome 5","MONDO:0013372","AD","SOP8","Limited","https://search.clinicalgenome.org/kb/gene-validity/CGGV:assertion_957550ae-d91c-49e7-be7c-ff5a13faa3ff-2020-12-15T002142.973Z","2020-12-15T00:21:42.973Z","Long QT syndrome Gene Curation Expert Panel"
"KCNE2","HGNC:6242","long QT syndrome","MONDO:0002442","AD","SOP8","Disputed","https://search.clinicalgenome.org/kb/gene-validity/CGGV:assertion_9912be79-b172-46ca-a67c-99698de5590b-2020-12-15T002341.412Z","2020-12-15T00:23:41.412Z","Long QT syndrome Gene Curation Expert Panel"
"KCNH2","HGNC:6251","short QT syndrome","MONDO:0000453","AD","SOP7","Definitive","https://search.clinicalgenome.org/kb/gene-validity/CGGV:assertion_6b033c3f-04de-4806-a9f3-0b318082b32e-2020-08-03T160000.000Z","2020-08-03T16:00:00.000Z","Short QT syndrome Gene Curation Expert Panel"
"KCNJ2","HGNC:6263","long QT syndrome","MONDO:0002442","AD","SOP8","Limited","https://search.clinicalgenome.org/kb/gene-validity/CGGV:assertion_5dc2acbc-8dbe-4142-8f71-89f1576dde08-2020-12-15T002535.799Z","2020-12-15T00:25:35.799Z","Long QT syndrome Gene Curation Expert Panel"
"KCNJ2","HGNC:6263","short QT syndrome","MONDO:0000453","AD","SOP7","Moderate","https://search.clinicalgenome.org/kb/gene-validity/CGGV:assertion_9111653a-7d9c-4d0e-94d9-daaa208a0b05-2020-10-27T160000.000Z","2020-10-27T16:00:00.000Z","Short QT syndrome Gene Curation Expert Panel"
"KCNJ5","HGNC:6266","long QT syndrome","MONDO:0002442","AD","SOP8","Disputed","https://search.clinicalgenome.org/kb/gene-validity/CGGV:assertion_6fa6a520-ae6b-4638-a092-a61831d481bf-2020-12-15T002641.568Z","2020-12-15T00:26:41.568Z","Long QT syndrome Gene Curation Expert Panel"
"KCNQ1","HGNC:6294","short QT syndrome","MONDO:0000453","AD","SOP7","Strong","https://search.clinicalgenome.org/kb/gene-validity/CGGV:assertion_5000dde0-156c-45b0-87db-35a935c69cb7-2020-10-27T160000.000Z","2020-10-27T16:00:00.000Z","Short QT syndrome Gene Curation Expert Panel"
"KDSR","HGNC:4021","erythrokeratodermia variabilis et progressiva 4","MONDO:0033014","AR","SOP7","Definitive","https://search.clinicalgenome.org/kb/gene-validity/CGGV:assertion_0a5d1542-feb7-4aaf-9079-55da7fb99a4a-2020-07-22T160000.000Z","2020-07-22T16:00:00.000Z","Hemostasis/Thrombosis Gene Curation Expert Panel"
"KIF1A","HGNC:888","syndromic intellectual disability","MONDO:0000508","AD","SOP7","Definitive","https://search.clinicalgenome.org/kb/gene-validity/CGGV:assertion_1d586d93-7066-4db0-b623-8b7e3eafdc06-2020-09-24T134254.893Z","2020-09-24T13:42:54.893Z","Intellectual Disability and Autism Gene Curation Expert Panel"
"KIF5A","HGNC:6323","amyotrophic lateral sclerosis, susceptibility to, 25","MONDO:0060670","AD","SOP9","Definitive","https://search.clinicalgenome.org/kb/gene-validity/CGGV:assertion_5e7d2674-bce3-469c-b1e4-5cf57f5780a8-2022-05-26T110000.000Z","2022-05-26T11:00:00.000Z","Amyotrophic Lateral Sclerosis Spectrum Disorders Gene Curation Expert Panel"
"KIF5A","HGNC:6323","inherited neurodegenerative disorder","MONDO:0024237","AD","SOP9","Definitive","https://search.clinicalgenome.org/kb/gene-validity/CGGV:assertion_aad7dc3e-b664-4ffb-af0f-4eba346b43e7-2023-07-12T160000.000Z","2023-07-12T16:00:00.000Z","Charcot-Marie-Tooth Disease Gene Curation Expert Panel"
"KIT","HGNC:6342","gastrointestinal stromal tumor","MONDO:0011719","AD","SOP7","Definitive","https://search.clinicalgenome.org/kb/gene-validity/CGGV:assertion_fa076c63-8ffe-46ff-ba44-255a6fca07e5-2020-01-14T184619.396Z","2020-01-14T18:46:19.396Z","Hereditary Cancer Gene Curation Expert Panel"
"LAMA2","HGNC:6482","LAMA2-related muscular dystrophy","MONDO:0100228","AR","SOP8","Definitive","https://search.clinicalgenome.org/kb/gene-validity/CGGV:assertion_53f18520-6a7c-4781-ad0e-09250570f10e-2022-03-14T204607.096Z","2022-03-14T20:46:07.096Z","Congenital Myopathies and Myasthenic Syndromes Gene Curation Expert Panel"
"LDLR","HGNC:6547","hypercholesterolemia, familial, 1","MONDO:0007750","SD","SOP8","Definitive","https://search.clinicalgenome.org/kb/gene-validity/CGGV:assertion_81788cfe-7520-4821-b80b-3ee0b2018909-2021-02-24T170000.000Z","2021-02-24T17:00:00.000Z","General Gene Curation Expert Panel"
"LGI1","HGNC:6572","autosomal dominant epilepsy with auditory features","MONDO:0010898","AD","SOP7","Definitive","https://search.clinicalgenome.org/kb/gene-validity/CGGV:assertion_662936d4-11a7-43f3-9daf-4ba1a7c92ffe-2020-07-07T183907.849Z","2020-07-07T18:39:07.849Z","Epilepsy Gene Curation Expert Panel"
"LINS1","HGNC:30922","complex neurodevelopmental disorder","MONDO:0100038","AR","SOP9","Definitive","https://search.clinicalgenome.org/kb/gene-validity/CGGV:assertion_18885d8b-bd77-4386-a046-e39b7a9c4685-2023-02-07T063000.000Z","2023-02-07T06:30:00.000Z","Intellectual Disability and Autism Gene Curation Expert Panel"
"LONP1","HGNC:9479","Leigh syndrome","MONDO:0009723","AR","SOP7","Limited","https://search.clinicalgenome.org/kb/gene-validity/CGGV:assertion_3da0a308-3a7e-4101-b40b-1f23db106aea-2021-04-09T140215.539Z","2021-04-09T14:02:15.539Z","Mitochondrial Diseases Gene Curation Expert Panel"
"LRRC8A","HGNC:19027","agammaglobulinemia","MONDO:0015977","AD","SOP10","Limited","https://search.clinicalgenome.org/kb/gene-validity/CGGV:assertion_34cc03aa-0a62-41ba-bd58-e0affc50cf25-2024-08-19T180000.000Z","2024-08-19T18:00:00.000Z","Antibody Deficiencies Gene Curation Expert Panel"
"MALT1","HGNC:6819","combined immunodeficiency due to MALT1 deficiency","MONDO:0014197","AR","SOP9","Definitive","https://search.clinicalgenome.org/kb/gene-validity/CGGV:assertion_537efc87-5f45-489b-9aa0-6bd3e029754e-2022-07-21T160000.000Z","2022-07-21T16:00:00.000Z","SCID-CID Gene Curation Expert Panel"
"MAN1B1","HGNC:6823","MAN1B1-congenital disorder of glycosylation","MONDO:0018349","AR","SOP7","Definitive","https://search.clinicalgenome.org/kb/gene-validity/CGGV:assertion_e0f50bc5-f7ac-4e0a-9762-d6cad9cc4585-2020-08-04T114702.993Z","2020-08-04T11:47:02.993Z","Intellectual Disability and Autism Gene Curation Expert Panel"
"MCCC1","HGNC:6936","3-methylcrotonyl-CoA carboxylase deficiency","MONDO:0018950","AR","SOP6","Definitive","https://search.clinicalgenome.org/kb/gene-validity/CGGV:assertion_6bd0c545-9ef8-4005-a124-a73be6178745-2019-10-25T160000.000Z","2019-10-25T16:00:00.000Z","Aminoacidopathy Gene Curation Expert Panel"
"MCEE","HGNC:16732","methylmalonic acidemia due to methylmalonyl-CoA epimerase deficiency","MONDO:0009615","AR","SOP7","Definitive","https://search.clinicalgenome.org/kb/gene-validity/CGGV:assertion_b8546531-fe3d-48fd-8103-f5f84fd04514-2020-07-09T160000.000Z","2020-07-09T16:00:00.000Z","Aminoacidopathy Gene Curation Expert Panel"
"MCFD2","HGNC:18451","factor 5 and Factor VIII, combined deficiency of, 2","MONDO:0013331","AR","SOP7","Definitive","https://search.clinicalgenome.org/kb/gene-validity/CGGV:assertion_afa4ae2a-c40d-4f25-affe-852a67144cdd-2020-06-24T160000.000Z","2020-06-24T16:00:00.000Z","Hemostasis/Thrombosis Gene Curation Expert Panel"
"MCM2","HGNC:6944","nonsyndromic genetic hearing loss","MONDO:0019497","AD","SOP7","Limited","https://search.clinicalgenome.org/kb/gene-validity/CGGV:assertion_29172723-c896-4cbf-a20b-9921fc72547f-2020-04-21T190000.000Z","2020-04-21T19:00:00.000Z","Hearing Loss Gene Curation Expert Panel"
"MED23","HGNC:2372","syndromic intellectual disability","MONDO:0000508","AR","SOP7","Moderate","https://search.clinicalgenome.org/kb/gene-validity/CGGV:assertion_6e8c75f0-39ae-4967-b95d-a92c55739876-2020-04-01T160000.000Z","2020-04-01T16:00:00.000Z","Intellectual Disability and Autism Gene Curation Expert Panel"
"MEGF10","HGNC:29634","MEGF10-related myopathy","MONDO:0013731","AR","SOP7","Definitive","https://search.clinicalgenome.org/kb/gene-validity/CGGV:assertion_1d00193c-b0fd-40b4-b5d5-51eecece9669-2020-01-27T170000.000Z","2020-01-27T17:00:00.000Z","Congenital Myopathies and Myasthenic Syndromes Gene Curation Expert Panel"
"MEGF8","HGNC:3233","MEGF8-related Carpenter syndrome","MONDO:0013998","AR","SOP8","Moderate","https://search.clinicalgenome.org/kb/gene-validity/CGGV:assertion_dd9400f1-2c0b-4ffd-989a-486b81779a53-2021-12-23T193047.075Z","2021-12-23T19:30:47.075Z","Craniofacial Malformations Gene Curation Expert Panel"
"MEN1","HGNC:7010","multiple endocrine neoplasia type 1","MONDO:0007540","AD","SOP7","Definitive","https://search.clinicalgenome.org/kb/gene-validity/CGGV:assertion_a40ef20e-115c-4667-b4a2-6c7c8fb07a49-2020-05-13T170000.000Z","2020-05-13T17:00:00.000Z","Hereditary Cancer Gene Curation Expert Panel"
"MFSD8","HGNC:28486","neuronal ceroid lipofuscinosis","MONDO:0016295","AR","SOP8","Definitive","https://search.clinicalgenome.org/kb/gene-validity/CGGV:assertion_0f42cb66-5f28-4674-8f5a-76e15880bbfc-2020-12-15T170000.000Z","2020-12-15T17:00:00.000Z","Epilepsy Gene Curation Expert Panel"
"MLYCD","HGNC:7150","malonic aciduria","MONDO:0009556","AR","SOP6","Definitive","https://search.clinicalgenome.org/kb/gene-validity/CGGV:assertion_70af8ffa-430b-4c69-bfa9-d6ba2f7b4f32-2018-06-26T160000.000Z","2018-06-26T16:00:00.000Z","Fatty Acid Oxidation Disorders Gene Curation Expert Panel"
"MPC1","HGNC:21606","mitochondrial disease","MONDO:0044970","AR","SOP10","Definitive","https://search.clinicalgenome.org/kb/gene-validity/CGGV:assertion_de4dba62-51ef-4e0b-942a-a2175d3f9fb1-2023-11-20T050000.000Z","2023-11-20T05:00:00.000Z","Mitochondrial Diseases Gene Curation Expert Panel"
"MPIG6B","HGNC:13937","thrombocytopenia, anemia, and myelofibrosis","MONDO:0044316","AR","SOP7","Definitive","https://search.clinicalgenome.org/kb/gene-validity/CGGV:assertion_03b93956-5abe-41f2-ba14-1e57952606b3-2020-10-28T160000.000Z","2020-10-28T16:00:00.000Z","Hemostasis/Thrombosis Gene Curation Expert Panel"
"MPL","HGNC:7217","thrombocythemia 2","MONDO:0011173","AD","SOP7","Definitive","https://search.clinicalgenome.org/kb/gene-validity/CGGV:assertion_23b39955-2760-46aa-978b-d27d4a212567-2020-07-22T160000.000Z","2020-07-22T16:00:00.000Z","Hemostasis/Thrombosis Gene Curation Expert Panel"
"MPZ","HGNC:7225","Charcot-Marie-Tooth disease","MONDO:0015626","AD","SOP7","Definitive","https://search.clinicalgenome.org/kb/gene-validity/CGGV:assertion_11f638d2-d8d2-4fe4-ab79-acff5cf32a18-2020-08-25T160000.000Z","2020-08-25T16:00:00.000Z","Charcot-Marie-Tooth Disease Gene Curation Expert Panel"
"MRE11","HGNC:7230","hereditary breast carcinoma","MONDO:0016419","AD","SOP9","Refuted","https://search.clinicalgenome.org/kb/gene-validity/CGGV:assertion_e720d1f7-62b3-4a0f-97de-e1144d0475a9-2023-03-14T170000.000Z","2023-03-14T17:00:00.000Z","Hereditary Cancer Gene Curation Expert Panel"
"MRE11","HGNC:7230","familial ovarian cancer","MONDO:0016248","AD","SOP10","Refuted","https://search.clinicalgenome.org/kb/gene-validity/CGGV:assertion_f5b721c7-52ab-4475-a87e-cb0fa3be198f-2023-12-15T180000.000Z","2023-12-15T18:00:00.000Z","Hereditary Cancer Gene Curation Expert Panel"
"MRPS34","HGNC:16618","Leigh syndrome","MONDO:0009723","AR","SOP7","Moderate","https://search.clinicalgenome.org/kb/gene-validity/CGGV:assertion_41d20487-f150-41b6-947c-ce77e405e8de-2020-08-27T162259.700Z","2020-08-27T16:22:59.700Z","Mitochondrial Diseases Gene Curation Expert Panel"
"MSX1","HGNC:7391","tooth agenesis, selective, 1","MONDO:0007129","AD","SOP9","Definitive","https://search.clinicalgenome.org/kb/gene-validity/CGGV:assertion_6624512d-c0c5-4620-9d36-47fa7f1fbee6-2024-02-08T170000.000Z","2024-02-08T17:00:00.000Z","Craniofacial Malformations Gene Curation Expert Panel"
"MSX2","HGNC:7392","parietal foramina","MONDO:0018953","AD","SOP7","Definitive","https://search.clinicalgenome.org/kb/gene-validity/CGGV:assertion_2bb862dd-e6d2-4dc8-a7f3-3a03d58f9ade-2020-07-08T170000.000Z","2020-07-08T17:00:00.000Z","Craniofacial Malformations Gene Curation Expert Panel"
"MSX2","HGNC:7392","craniosynostosis 2","MONDO:0011481","AD","SOP7","Definitive","https://search.clinicalgenome.org/kb/gene-validity/CGGV:assertion_ac8a9313-9ef2-4556-9a25-db7fa2ed99ed-2020-09-28T170000.000Z","2020-09-28T17:00:00.000Z","Craniofacial Malformations Gene Curation Expert Panel"
"MT-ATP6","HGNC:7414","mitochondrial disease","MONDO:0044970","MT","SOP9","Definitive","https://search.clinicalgenome.org/kb/gene-validity/CGGV:assertion_8d7b0569-8dfe-40cf-a83b-44071430206f-2023-05-18T160000.000Z","2023-05-18T16:00:00.000Z","Mitochondrial Diseases Gene Curation Expert Panel"
"MT-ATP6","HGNC:7414","Leigh syndrome","MONDO:0009723","MT","SOP8","Definitive","https://search.clinicalgenome.org/kb/gene-validity/CGGV:assertion_e492464b-cb98-4bf4-a12e-169b59576b04-2021-06-28T145350.161Z","2021-06-28T14:53:50.161Z","Mitochondrial Diseases Gene Curation Expert Panel"
"MT-CO1","HGNC:7419","Leigh syndrome","MONDO:0009723","MT","SOP8","Limited","https://search.clinicalgenome.org/kb/gene-validity/CGGV:assertion_227922e2-1f4e-4bd5-9fc2-d48bac5d394f-2021-06-28T143540.269Z","2021-06-28T14:35:40.269Z","Mitochondrial Diseases Gene Curation Expert Panel"
"MT-CO1","HGNC:7419","mitochondrial disease","MONDO:0044970","MT","SOP9","Definitive","https://search.clinicalgenome.org/kb/gene-validity/CGGV:assertion_e87f1ffb-3657-4f88-92e0-20936346c207-2023-06-05T160000.000Z","2023-06-05T16:00:00.000Z","Mitochondrial Diseases Gene Curation Expert Panel"
"MT-CO2","HGNC:7421","Leigh syndrome","MONDO:0009723","MT","SOP8","Limited","https://search.clinicalgenome.org/kb/gene-validity/CGGV:assertion_41d6a25c-4300-4e43-b0f8-1923ff3ddad8-2021-06-28T144136.451Z","2021-06-28T14:41:36.451Z","Mitochondrial Diseases Gene Curation Expert Panel"
"MT-CO2","HGNC:7421","mitochondrial disease","MONDO:0044970","MT","SOP9","Definitive","https://search.clinicalgenome.org/kb/gene-validity/CGGV:assertion_a8665d7c-6fca-44ba-9c37-d6e530ca263b-2023-07-11T160000.000Z","2023-07-11T16:00:00.000Z","Mitochondrial Diseases Gene Curation Expert Panel"
"MT-CO3","HGNC:7422","Leigh syndrome","MONDO:0009723","MT","SOP8","Limited","https://search.clinicalgenome.org/kb/gene-validity/CGGV:assertion_996428ee-5af2-458b-afb7-6e29348c585a-2021-06-28T144716.059Z","2021-06-28T14:47:16.059Z","Mitochondrial Diseases Gene Curation Expert Panel"
"MT-CO3","HGNC:7422","mitochondrial disease","MONDO:0044970","MT","SOP9","Definitive","https://search.clinicalgenome.org/kb/gene-validity/CGGV:assertion_d58759e1-bf55-44f2-9a97-839a9360d156-2023-03-20T160000.000Z","2023-03-20T16:00:00.000Z","Mitochondrial Diseases Gene Curation Expert Panel"
"MT-ND5","HGNC:7461","mitochondrial disease","MONDO:0044970","MT","SOP9","Definitive","https://search.clinicalgenome.org/kb/gene-validity/CGGV:assertion_af2efc84-7d75-49a9-ae61-2ea59bf3ce5f-2023-05-03T160000.000Z","2023-05-03T16:00:00.000Z","Mitochondrial Diseases Gene Curation Expert Panel"
"MT-ND5","HGNC:7461","Leigh syndrome","MONDO:0009723","MT","SOP8","Definitive","https://search.clinicalgenome.org/kb/gene-validity/CGGV:assertion_e941d385-716f-4264-8f24-ffe3022579e2-2021-06-14T155537.548Z","2021-06-14T15:55:37.548Z","Mitochondrial Diseases Gene Curation Expert Panel"
"MT-ND6","HGNC:7462","mitochondrial disease","MONDO:0044970","MT","SOP9","Definitive","https://search.clinicalgenome.org/kb/gene-validity/CGGV:assertion_7f581c96-e3cc-49bb-aa2b-98650efa4157-2023-05-03T160000.000Z","2023-05-03T16:00:00.000Z","Mitochondrial Diseases Gene Curation Expert Panel"
"MT-ND6","HGNC:7462","Leigh syndrome","MONDO:0009723","MT","SOP8","Definitive","https://search.clinicalgenome.org/kb/gene-validity/CGGV:assertion_836f975f-27f5-47c9-a58e-35089b6b39e6-2021-05-17T040000.000Z","2021-05-17T04:00:00.000Z","Mitochondrial Diseases Gene Curation Expert Panel"
"MT-TF","HGNC:7481","mitochondrial disease","MONDO:0044970","MT","SOP9","Definitive","https://search.clinicalgenome.org/kb/gene-validity/CGGV:assertion_a4b94030-f2dd-431d-9114-a7fd8b1e32a5-2023-02-16T170000.000Z","2023-02-16T17:00:00.000Z","Mitochondrial Diseases Gene Curation Expert Panel"
"MT-TM","HGNC:7492","mitochondrial disease","MONDO:0044970","MT","SOP9","Definitive","https://search.clinicalgenome.org/kb/gene-validity/CGGV:assertion_56195896-f357-403b-b7db-118314bcec94-2022-12-19T170000.000Z","2022-12-19T17:00:00.000Z","Mitochondrial Diseases Gene Curation Expert Panel"
"MT-TP","HGNC:7494","mitochondrial disease","MONDO:0044970","MT","SOP9","Definitive","https://search.clinicalgenome.org/kb/gene-validity/CGGV:assertion_60c99f15-3a4b-4d7f-be1c-5edde18a4396-2022-12-19T170000.000Z","2022-12-19T17:00:00.000Z","Mitochondrial Diseases Gene Curation Expert Panel"
"MTFMT","HGNC:29666","Leigh syndrome","MONDO:0009723","AR","SOP7","Definitive","https://search.clinicalgenome.org/kb/gene-validity/CGGV:assertion_0e7a00ee-ef09-443f-9d66-03128e1fb225-2020-03-19T194517.723Z","2020-03-19T19:45:17.723Z","Mitochondrial Diseases Gene Curation Expert Panel"
"MTMR2","HGNC:7450","demyelinating hereditary motor and sensory neuropathy","MONDO:0018776","AR","SOP7","Definitive","https://search.clinicalgenome.org/kb/gene-validity/CGGV:assertion_44a837e2-ae06-4e4d-b7cf-ae2a3009b47d-2020-02-11T170000.000Z","2020-02-11T17:00:00.000Z","Charcot-Marie-Tooth Disease Gene Curation Expert Panel"
"MYBPC3","HGNC:7551","arrhythmogenic right ventricular cardiomyopathy","MONDO:0016587","AD","SOP7","Limited","https://search.clinicalgenome.org/kb/gene-validity/CGGV:assertion_0639d989-8415-425c-ab89-e8a3a0b6ea49-2019-08-06T160000.000Z","2019-08-06T16:00:00.000Z","Arrhythmogenic Right Ventricular Cardiomyopathy Gene Curation Expert Panel"
"MYBPC3","HGNC:7551","congenital heart disease","MONDO:0005453","AD","SOP10","Limited","https://search.clinicalgenome.org/kb/gene-validity/CGGV:assertion_2cbe41f1-7421-4efe-ac33-6ff3fa530b43-2024-07-08T160000.000Z","2024-07-08T16:00:00.000Z","Congenital Heart Disease Gene Curation Expert Panel"
"MYBPC3","HGNC:7551","hypertrophic cardiomyopathy","MONDO:0005045","AD","SOP8","Definitive","https://search.clinicalgenome.org/kb/gene-validity/CGGV:assertion_7e65896e-33f5-439d-8749-aba08a539dd0-2021-10-07T160000.000Z","2021-10-07T16:00:00.000Z","Hereditary Cardiovascular Disease Gene Curation Expert Panel"
"MYO6","HGNC:7605","nonsyndromic genetic hearing loss","MONDO:0019497","AD","SOP6","Definitive","https://search.clinicalgenome.org/kb/gene-validity/CGGV:assertion_50d408fe-e298-4683-985c-57a37b30e273-2018-02-20T170000.000Z","2018-02-20T17:00:00.000Z","Hearing Loss Gene Curation Expert Panel"
"MYPN","HGNC:23246","MYPN-related myopathy","MONDO:0015023","AR","SOP7","Definitive","https://search.clinicalgenome.org/kb/gene-validity/CGGV:assertion_6aeb67cc-c960-4511-a708-b0acadb34588-2020-06-17T194636.472Z","2020-06-17T19:46:36.472Z","Congenital Myopathies and Myasthenic Syndromes Gene Curation Expert Panel"
"NBEA","HGNC:7648","complex neurodevelopmental disorder","MONDO:0100038","AD","SOP8","Definitive","https://search.clinicalgenome.org/kb/gene-validity/CGGV:assertion_f40357db-6cc2-4240-8771-1206cd27298a-2020-12-02T170000.000Z","2020-12-02T17:00:00.000Z","Intellectual Disability and Autism Gene Curation Expert Panel"
"NDUFAF2","HGNC:28086","Leigh syndrome","MONDO:0009723","AR","SOP7","Definitive","https://search.clinicalgenome.org/kb/gene-validity/CGGV:assertion_7c26c06d-17dc-4783-8145-5de35c9a73f5-2020-11-23T193634.959Z","2020-11-23T19:36:34.959Z","Mitochondrial Diseases Gene Curation Expert Panel"
"NDUFAF4","HGNC:21034","Leigh syndrome","MONDO:0009723","AR","SOP7","Limited","https://search.clinicalgenome.org/kb/gene-validity/CGGV:assertion_2df4e73b-a8a5-4ce2-bab6-2be732d3c542-2020-02-12T194734.160Z","2020-02-12T19:47:34.160Z","Mitochondrial Diseases Gene Curation Expert Panel"
"NDUFAF6","HGNC:28625","Leigh syndrome","MONDO:0009723","AR","SOP7","Definitive","https://search.clinicalgenome.org/kb/gene-validity/CGGV:assertion_f7b6ace1-5b89-41c7-83a6-d6f37826d8c5-2020-11-23T194212.660Z","2020-11-23T19:42:12.660Z","Mitochondrial Diseases Gene Curation Expert Panel"
"NDUFS2","HGNC:7708","mitochondrial disease","MONDO:0044970","AR","SOP10","Definitive","https://search.clinicalgenome.org/kb/gene-validity/CGGV:assertion_3546f79c-056b-4087-88f0-99e97ad1bd4b-2024-01-18T170000.000Z","2024-01-18T17:00:00.000Z","Mitochondrial Diseases Gene Curation Expert Panel"
"NDUFV2","HGNC:7717","mitochondrial disease","MONDO:0044970","AR","SOP9","Definitive","https://search.clinicalgenome.org/kb/gene-validity/CGGV:assertion_0a5b5d66-4640-48a8-ac99-842593bac366-2023-12-04T050000.000Z","2023-12-04T05:00:00.000Z","Mitochondrial Diseases Gene Curation Expert Panel"
"NDUFV2","HGNC:7717","Leigh syndrome","MONDO:0009723","AR","SOP6","Limited","https://search.clinicalgenome.org/kb/gene-validity/CGGV:assertion_1266aed1-8c25-4b28-bf8a-a0e16d9b3da9-2019-11-25T145748.766Z","2019-11-25T14:57:48.766Z","Mitochondrial Diseases Gene Curation Expert Panel"
"NEFH","HGNC:7737","Charcot-Marie-Tooth disease axonal type 2CC","MONDO:0014836","AD","SOP7","Definitive","https://search.clinicalgenome.org/kb/gene-validity/CGGV:assertion_8e1390ea-fd6c-4fa4-9b43-0eccff9e2829-2020-10-05T161645.817Z","2020-10-05T16:16:45.817Z","Charcot-Marie-Tooth Disease Gene Curation Expert Panel"
"NHLRC1","HGNC:21576","Lafora disease","MONDO:0009697","AR","SOP7","Definitive","https://search.clinicalgenome.org/kb/gene-validity/CGGV:assertion_c4dbe715-b897-482d-afeb-b05c0653a79a-2020-03-03T170000.000Z","2020-03-03T17:00:00.000Z","Epilepsy Gene Curation Expert Panel"
"NOD2","HGNC:5331","Blau syndrome","MONDO:0008523","AD","SOP7","Definitive","https://search.clinicalgenome.org/kb/gene-validity/CGGV:assertion_1fd650d7-6a84-4b33-b86e-d34cab5b7d57-2020-10-07T171807.983Z","2020-10-07T17:18:07.983Z","Syndromic Disorders Gene Curation Expert Panel"
"NUBPL","HGNC:20278","Leigh syndrome","MONDO:0009723","AR","SOP7","Moderate","https://search.clinicalgenome.org/kb/gene-validity/CGGV:assertion_4365ffcd-637c-4862-9fa0-fb8a780a6d25-2020-03-19T195115.036Z","2020-03-19T19:51:15.036Z","Mitochondrial Diseases Gene Curation Expert Panel"
"NUP62","HGNC:8066","Leigh syndrome","MONDO:0009723","AR","SOP7","Disputed","https://search.clinicalgenome.org/kb/gene-validity/CGGV:assertion_8441b4db-da7d-49a2-816c-9f868a96ffab-2020-12-16T050000.000Z","2020-12-16T05:00:00.000Z","Mitochondrial Diseases Gene Curation Expert Panel"
"OCRL","HGNC:8108","oculocerebrorenal syndrome","MONDO:0010645","XL","SOP7","Definitive","https://search.clinicalgenome.org/kb/gene-validity/CGGV:assertion_5140c756-fac0-435b-8f59-a5d4a0b0adb3-2020-07-10T160000.000Z","2020-07-10T16:00:00.000Z","Intellectual Disability and Autism Gene Curation Expert Panel"
"ORAI1","HGNC:25896","tubular aggregate myopathy","MONDO:0008051","AD","SOP7","Definitive","https://search.clinicalgenome.org/kb/gene-validity/CGGV:assertion_bb8d614e-e8ff-4f16-bba3-6fc35ea56e8a-2020-07-13T164919.164Z","2020-07-13T16:49:19.164Z","Congenital Myopathies and Myasthenic Syndromes Gene Curation Expert Panel"
"OSBPL2","HGNC:15761","nonsyndromic genetic hearing loss","MONDO:0019497","AD","SOP7","Moderate","https://search.clinicalgenome.org/kb/gene-validity/CGGV:assertion_a493a4c4-3a9f-431a-a68e-d90d9a11b6f0-2020-02-06T172031.658Z","2020-02-06T17:20:31.658Z","Hearing Loss Gene Curation Expert Panel"
"OTUD5","HGNC:25402","multiple congenital anomalies-neurodevelopmental syndrome, X-linked","MONDO:0025351","XL","SOP10","Moderate","https://search.clinicalgenome.org/kb/gene-validity/CGGV:assertion_1a19f1fb-a027-4580-92e5-936b8ca10692-2024-07-19T160000.000Z","2024-07-19T16:00:00.000Z","Syndromic Disorders Gene Curation Expert Panel"
"PAH","HGNC:8582","phenylketonuria","MONDO:0009861","AR","SOP7","Definitive","https://search.clinicalgenome.org/kb/gene-validity/CGGV:assertion_5a617cb4-94ec-4f34-b97e-10d9808a1581-2020-04-24T160000.000Z","2020-04-24T16:00:00.000Z","Aminoacidopathy Gene Curation Expert Panel"
"PCYT1A","HGNC:8754","spondylometaphyseal dysplasia-cone-rod dystrophy syndrome","MONDO:0012160","AR","SOP8","Definitive","https://search.clinicalgenome.org/kb/gene-validity/CGGV:assertion_eff306ea-95ff-4b4e-8597-f50849b1b4c2-2021-07-26T183711.748Z","2021-07-26T18:37:11.748Z","Retina Gene Curation Expert Panel"
"PDGFRA","HGNC:8803","gastrointestinal stromal tumor","MONDO:0011719","AD","SOP7","Definitive","https://search.clinicalgenome.org/kb/gene-validity/CGGV:assertion_08bbf13f-bc04-47a7-a3c5-1ec6abfc9190-2020-01-13T195509.878Z","2020-01-13T19:55:09.878Z","Hereditary Cancer Gene Curation Expert Panel"
"PDGFRA","HGNC:8803","congenital heart disease","MONDO:0005453","AD","SOP10","Limited","https://search.clinicalgenome.org/kb/gene-validity/CGGV:assertion_f40d874e-0c34-4ff6-8145-4b310a67a033-2024-03-11T160000.000Z","2024-03-11T16:00:00.000Z","Congenital Heart Disease Gene Curation Expert Panel"
"PEX11A","HGNC:8852","peroxisome biogenesis disorder","MONDO:0019234","AR","SOP7","No Known Disease Relationship","https://search.clinicalgenome.org/kb/gene-validity/CGGV:assertion_9f83cdb0-7fca-4bc5-b896-3201000364f9-2020-07-17T040000.000Z","2020-07-17T04:00:00.000Z","Peroxisomal Disorders Gene Curation Expert Panel"
"PEX11B","HGNC:8853","peroxisome biogenesis disorder","MONDO:0019234","AR","SOP7","Definitive","https://search.clinicalgenome.org/kb/gene-validity/CGGV:assertion_93eacb33-b099-485d-bf8a-782479dc0a3b-2020-01-17T170000.000Z","2020-01-17T17:00:00.000Z","Peroxisomal Disorders Gene Curation Expert Panel"
"PEX11G","HGNC:20208","peroxisome biogenesis disorder","MONDO:0019234","AR","SOP7","No Known Disease Relationship","https://search.clinicalgenome.org/kb/gene-validity/CGGV:assertion_932d75de-89f1-4ba6-8a2a-05f53ecdf097-2020-08-06T040000.000Z","2020-08-06T04:00:00.000Z","Peroxisomal Disorders Gene Curation Expert Panel"
"PEX16","HGNC:8857","peroxisome biogenesis disorder","MONDO:0019234","AR","SOP7","Definitive","https://search.clinicalgenome.org/kb/gene-validity/CGGV:assertion_7506d938-efb4-416c-aafd-221251d00e6e-2020-01-13T170000.000Z","2020-01-13T17:00:00.000Z","Peroxisomal Disorders Gene Curation Expert Panel"
"PEX2","HGNC:9717","peroxisome biogenesis disorder","MONDO:0019234","AR","SOP7","Definitive","https://search.clinicalgenome.org/kb/gene-validity/CGGV:assertion_17bf1c4a-1775-40c6-a499-774c93827343-2020-02-07T170000.000Z","2020-02-07T17:00:00.000Z","Peroxisomal Disorders Gene Curation Expert Panel"
"PEX26","HGNC:22965","peroxisome biogenesis disorder","MONDO:0019234","AR","SOP7","Definitive","https://search.clinicalgenome.org/kb/gene-validity/CGGV:assertion_bf6af95e-6696-420c-8731-d2e37ca6e692-2020-02-07T170000.000Z","2020-02-07T17:00:00.000Z","Peroxisomal Disorders Gene Curation Expert Panel"
"PEX5","HGNC:9719","peroxisome biogenesis disorder","MONDO:0019234","AR","SOP7","Definitive","https://search.clinicalgenome.org/kb/gene-validity/CGGV:assertion_b49d9cfd-0e51-4219-84bb-76b4c9b99fa9-2020-01-17T170000.000Z","2020-01-17T17:00:00.000Z","Peroxisomal Disorders Gene Curation Expert Panel"
"PEX7","HGNC:8860","peroxisome biogenesis disorder","MONDO:0019234","AR","SOP7","Definitive","https://search.clinicalgenome.org/kb/gene-validity/CGGV:assertion_d0796d69-b304-4670-b4a2-8785ff6fd161-2020-02-14T170000.000Z","2020-02-14T17:00:00.000Z","Peroxisomal Disorders Gene Curation Expert Panel"
"PHYH","HGNC:8940","phytanoyl-CoA hydroxylase deficiency","MONDO:0100258","AR","SOP7","Definitive","https://search.clinicalgenome.org/kb/gene-validity/CGGV:assertion_8c50f8ab-65d8-493d-a800-52af1fa13339-2020-02-07T050000.000Z","2020-02-07T05:00:00.000Z","Peroxisomal Disorders Gene Curation Expert Panel"
"PKHD1","HGNC:9016","autosomal recessive polycystic kidney disease","MONDO:0009889","AR","SOP8","Definitive","https://search.clinicalgenome.org/kb/gene-validity/CGGV:assertion_06fb7576-e842-4e52-9284-0762bb7a05c6-2020-11-11T050000.000Z","2020-11-11T05:00:00.000Z","Kidney Cystic and Ciliopathy Disorders Gene Curation Expert Panel"
"PLN","HGNC:9080","arrhythmogenic right ventricular cardiomyopathy","MONDO:0016587","AD","SOP8","Moderate","https://search.clinicalgenome.org/kb/gene-validity/CGGV:assertion_13027de9-c84a-4968-936b-6356265193a6-2020-12-17T213224.631Z","2020-12-17T21:32:24.631Z","Arrhythmogenic Right Ventricular Cardiomyopathy Gene Curation Expert Panel"
"PNKP","HGNC:9154","microcephaly, seizures, and developmental delay","MONDO:0013254","AR","SOP7","Definitive","https://search.clinicalgenome.org/kb/gene-validity/CGGV:assertion_901a984a-c678-4f35-81c2-9436785d3698-2020-04-17T165304.309Z","2020-04-17T16:53:04.309Z","Epilepsy Gene Curation Expert Panel"
"PNPO","HGNC:30260","pyridoxal phosphate-responsive seizures","MONDO:0012407","AR","SOP8","Definitive","https://search.clinicalgenome.org/kb/gene-validity/CGGV:assertion_f3ff7b38-dd26-458a-afbb-4870785c42ec-2020-12-15T170000.000Z","2020-12-15T17:00:00.000Z","Epilepsy Gene Curation Expert Panel"
"PNPT1","HGNC:23166","Leigh syndrome","MONDO:0009723","AR","SOP7","Moderate","https://search.clinicalgenome.org/kb/gene-validity/CGGV:assertion_6ed99943-2ab9-417d-b0ec-ddbfa11c8645-2020-03-19T191429.965Z","2020-03-19T19:14:29.965Z","Mitochondrial Diseases Gene Curation Expert Panel"
"PORCN","HGNC:17652","focal dermal hypoplasia","MONDO:0010592","XL","SOP7","Definitive","https://search.clinicalgenome.org/kb/gene-validity/CGGV:assertion_20fc3afa-d10d-4239-885f-24e91cbb31a8-2020-08-05T124432.168Z","2020-08-05T12:44:32.168Z","Intellectual Disability and Autism Gene Curation Expert Panel"
"PRICKLE1","HGNC:17019","epilepsy","MONDO:0005027","AD","SOP7","Disputed","https://search.clinicalgenome.org/kb/gene-validity/CGGV:assertion_71a3c632-fd63-4103-a069-5e9e413043e7-2020-09-01T160000.000Z","2020-09-01T16:00:00.000Z","Epilepsy Gene Curation Expert Panel"
"PRKCSH","HGNC:9411","polycystic liver disease 1","MONDO:0008265","AD","SOP7","Definitive","https://search.clinicalgenome.org/kb/gene-validity/CGGV:assertion_83607ef3-6ec2-4d63-991a-4aeb3f7c2a25-2020-07-08T040000.000Z","2020-07-08T04:00:00.000Z","Kidney Cystic and Ciliopathy Disorders Gene Curation Expert Panel"
"PROC","HGNC:9451","hereditary thrombophilia due to congenital protein C deficiency","MONDO:0019145","SD","SOP7","Definitive","https://search.clinicalgenome.org/kb/gene-validity/CGGV:assertion_c6fe2f63-36ad-40c2-beb6-8804de17409d-2020-01-22T170000.000Z","2020-01-22T17:00:00.000Z","Hemostasis/Thrombosis Gene Curation Expert Panel"
"PRPS1","HGNC:9462","phosphoribosylpyrophosphate synthetase superactivity","MONDO:0010395","XL","SOP7","Limited","https://search.clinicalgenome.org/kb/gene-validity/CGGV:assertion_76dc3f8d-e1c9-4506-9381-d2b5ab3df300-2020-02-14T170000.000Z","2020-02-14T17:00:00.000Z","Hearing Loss Gene Curation Expert Panel"
"PRPS1","HGNC:9462","PRPS1 deficiency disorder","MONDO:0100061","XL","SOP7","Definitive","https://search.clinicalgenome.org/kb/gene-validity/CGGV:assertion_9416f6e2-8de3-48b0-9a1c-9bd11a59315c-2020-02-14T170000.000Z","2020-02-14T17:00:00.000Z","Hearing Loss Gene Curation Expert Panel"
"PRRT2","HGNC:30500","infantile convulsions and choreoathetosis","MONDO:0011178","AD","SOP7","Definitive","https://search.clinicalgenome.org/kb/gene-validity/CGGV:assertion_62af25b8-b9a4-421f-b897-4fc222569618-2020-01-21T213814.191Z","2020-01-21T21:38:14.191Z","Epilepsy Gene Curation Expert Panel"
"PRSS1","HGNC:9475","hereditary chronic pancreatitis","MONDO:0008185","AD","SOP7","Definitive","https://search.clinicalgenome.org/kb/gene-validity/CGGV:assertion_d271c52b-b0bb-4e9b-a745-ea03dc716fa0-2020-07-30T205014.833Z","2020-07-30T20:50:14.833Z","Hereditary Cancer Gene Curation Expert Panel"
"PYCR1","HGNC:9721","autosomal recessive cutis laxa type 2B","MONDO:0013051","AR","SOP7","Definitive","https://search.clinicalgenome.org/kb/gene-validity/CGGV:assertion_ca242cd8-1f57-4c7b-ba97-5ec0c97b425b-2020-05-21T191607.864Z","2020-05-21T19:16:07.864Z","Aminoacidopathy Gene Curation Expert Panel"
"QARS1","HGNC:9751","diffuse cerebral and cerebellar atrophy - intractable seizures - progressive microcephaly syndrome","MONDO:0014335","AR","SOP7","Definitive","https://search.clinicalgenome.org/kb/gene-validity/CGGV:assertion_6b0cbc0e-c97c-4f6d-a351-0ac23a4ba8a5-2020-05-26T150033.131Z","2020-05-26T15:00:33.131Z","Brain Malformations Gene Curation Expert Panel"
"RAB18","HGNC:14244","Warburg micro syndrome","MONDO:0016649","AR","SOP9","Moderate","https://search.clinicalgenome.org/kb/gene-validity/CGGV:assertion_4f09a474-8789-4f05-8f7e-611698d30936-2023-09-30T160000.000Z","2023-09-30T16:00:00.000Z","Brain Malformations Gene Curation Expert Panel"
"RAB3GAP1","HGNC:17063","Warburg micro syndrome","MONDO:0016649","AR","SOP7","Definitive","https://search.clinicalgenome.org/kb/gene-validity/CGGV:assertion_a1e4a47e-757a-442f-b82f-2ddfd69d0854-2020-05-26T160000.000Z","2020-05-26T16:00:00.000Z","Brain Malformations Gene Curation Expert Panel"
"RAD21","HGNC:9811","Cornelia de Lange syndrome","MONDO:0016033","AD","SOP7","Definitive","https://search.clinicalgenome.org/kb/gene-validity/CGGV:assertion_30ad5023-6c68-42ab-b8ea-a601a134eaf6-2020-01-08T170000.000Z","2020-01-08T17:00:00.000Z","Intellectual Disability and Autism Gene Curation Expert Panel"
"RB1","HGNC:9884","retinoblastoma","MONDO:0008380","AD","SOP7","Definitive","https://search.clinicalgenome.org/kb/gene-validity/CGGV:assertion_f8c79621-7ace-4c0c-874e-a315a2e6c872-2020-07-30T213929.219Z","2020-07-30T21:39:29.219Z","Hereditary Cancer Gene Curation Expert Panel"
"RBM20","HGNC:27424","dilated cardiomyopathy","MONDO:0005021","AD","SOP7","Definitive","https://search.clinicalgenome.org/kb/gene-validity/CGGV:assertion_3e123751-078a-4d30-9f83-847119982342-2020-08-20T160000.000Z","2020-08-20T16:00:00.000Z","Dilated Cardiomyopathy Gene Curation Expert Panel"
"RBM8A","HGNC:9905","thrombocytopenia-absent radius syndrome","MONDO:0010121","AR","SOP7","Definitive","https://search.clinicalgenome.org/kb/gene-validity/CGGV:assertion_56c276a7-3068-48db-9baa-6f178eb9c3a7-2020-05-15T160000.000Z","2020-05-15T16:00:00.000Z","Hemostasis/Thrombosis Gene Curation Expert Panel"
"REN","HGNC:9958","renal tubular dysgenesis of genetic origin","MONDO:0009970","AR","SOP7","Definitive","https://search.clinicalgenome.org/kb/gene-validity/CGGV:assertion_9a9a43c4-771a-4a73-b66f-dd99ab76aeec-2020-10-28T160000.000Z","2020-10-28T16:00:00.000Z","Kidney Cystic and Ciliopathy Disorders Gene Curation Expert Panel"
"REN","HGNC:9958","familial juvenile hyperuricemic nephropathy type 2","MONDO:0013128","AD","SOP7","Definitive","https://search.clinicalgenome.org/kb/gene-validity/CGGV:assertion_cae92b57-f5b9-4000-9a42-72161f2d7dd3-2020-10-28T160000.000Z","2020-10-28T16:00:00.000Z","Kidney Cystic and Ciliopathy Disorders Gene Curation Expert Panel"
"RET","HGNC:9967","multiple endocrine neoplasia type 2B","MONDO:0008082","AD","SOP7","Definitive","https://search.clinicalgenome.org/kb/gene-validity/CGGV:assertion_5e4425f0-0900-43c3-aac4-5b37554be386-2020-05-14T010345.543Z","2020-05-14T01:03:45.543Z","Hereditary Cancer Gene Curation Expert Panel"
"RET","HGNC:9967","multiple endocrine neoplasia type 2A","MONDO:0008234","AD","SOP7","Definitive","https://search.clinicalgenome.org/kb/gene-validity/CGGV:assertion_c5f3c875-2438-4bfe-b785-b86d7d3e6507-2020-05-14T005952.060Z","2020-05-14T00:59:52.060Z","Hereditary Cancer Gene Curation Expert Panel"
"RETREG1","HGNC:25964","hereditary sensory and autonomic neuropathy","MONDO:0015364","AR","SOP10","Definitive","https://search.clinicalgenome.org/kb/gene-validity/CGGV:assertion_e0b9041f-06f2-47c8-b070-5d4cfaaeb2db-2024-07-08T160000.000Z","2024-07-08T16:00:00.000Z","Charcot-Marie-Tooth Disease Gene Curation Expert Panel"
"RFC1","HGNC:9969","cerebellar ataxia with neuropathy and bilateral vestibular areflexia syndrome","MONDO:0044720","AR","SOP10","Definitive","https://search.clinicalgenome.org/kb/gene-validity/CGGV:assertion_ca97da22-8a5e-47d8-837c-46433ee398a9-2024-10-09T160000.000Z","2024-10-09T16:00:00.000Z","Cerebellar Ataxia Gene Curation Expert Panel"
"RHBDF2","HGNC:20788","palmoplantar keratoderma-esophageal carcinoma syndrome","MONDO:0007856","AD","SOP7","Definitive","https://search.clinicalgenome.org/kb/gene-validity/CGGV:assertion_b7e72765-1a53-44fb-bfee-9e5923507bbe-2020-07-30T212232.808Z","2020-07-30T21:22:32.808Z","Hereditary Cancer Gene Curation Expert Panel"
"RS1","HGNC:10457","X-linked retinoschisis","MONDO:0010725","XL","SOP8","Definitive","https://search.clinicalgenome.org/kb/gene-validity/CGGV:assertion_061adaaf-8b09-42e4-ae31-9b9c03d6e944-2020-12-18T165803.135Z","2020-12-18T16:58:03.135Z","Retina Gene Curation Expert Panel"
"RYR1","HGNC:10483","malignant hyperthermia, susceptibility to, 1","MONDO:0007783","AD","SOP8","Definitive","https://search.clinicalgenome.org/kb/gene-validity/CGGV:assertion_bcd5e6ba-ef77-434c-9ec6-47f72f597bfe-2020-11-25T170000.000Z","2020-11-25T17:00:00.000Z","General Gene Curation Expert Panel"
"RYR1","HGNC:10483","RYR1-related myopathy","MONDO:0100150","AR","SOP7","Definitive","https://search.clinicalgenome.org/kb/gene-validity/CGGV:assertion_d5e4ff9a-94ad-453f-b2de-76deb98fe4ca-2020-07-27T160000.000Z","2020-07-27T16:00:00.000Z","Congenital Myopathies and Myasthenic Syndromes Gene Curation Expert Panel"
"RYR1","HGNC:10483","RYR1-related myopathy","MONDO:0100150","AD","SOP7","Definitive","https://search.clinicalgenome.org/kb/gene-validity/CGGV:assertion_fbd82373-705c-4b60-8b73-147ed461d357-2020-10-26T160000.000Z","2020-10-26T16:00:00.000Z","Congenital Myopathies and Myasthenic Syndromes Gene Curation Expert Panel"
"SAMHD1","HGNC:15925","SAMHD1-related type 1 interferonopathy","MONDO:0700260","AR","SOP10","Definitive","https://search.clinicalgenome.org/kb/gene-validity/CGGV:assertion_fdb550bf-9374-440d-b5cd-29ba7c64c49d-2024-07-01T180000.000Z","2024-07-01T18:00:00.000Z","Leukodystrophy and Leukoencephalopathy Gene Curation Expert Panel"
"SATB2","HGNC:21637","SATB2 associated disorder","MONDO:0100147","AD","SOP7","Definitive","https://search.clinicalgenome.org/kb/gene-validity/CGGV:assertion_44d14081-fa32-4159-9049-35f510d2351a-2020-09-15T160000.000Z","2020-09-15T16:00:00.000Z","Intellectual Disability and Autism Gene Curation Expert Panel"
"SBF2","HGNC:2135","Charcot-Marie-Tooth disease type 4B2","MONDO:0011475","AR","SOP8","Definitive","https://search.clinicalgenome.org/kb/gene-validity/CGGV:assertion_01893bf4-e95d-4206-9d2e-e3822f778b7a-2021-03-22T201309.257Z","2021-03-22T20:13:09.257Z","Charcot-Marie-Tooth Disease Gene Curation Expert Panel"
"SCARB2","HGNC:1665","progressive myoclonus epilepsy","MONDO:0020074","AR","SOP7","Definitive","https://search.clinicalgenome.org/kb/gene-validity/CGGV:assertion_dc556613-cf24-44ee-8354-98ce91f78d7d-2020-08-23T190000.000Z","2020-08-23T19:00:00.000Z","Epilepsy Gene Curation Expert Panel"
"SCO2","HGNC:10604","Leigh syndrome","MONDO:0009723","AR","SOP6","Definitive","https://search.clinicalgenome.org/kb/gene-validity/CGGV:assertion_011dd1c7-94bb-4a70-8b95-cc25432a5ea2-2019-03-28T154245.471Z","2019-03-28T15:42:45.471Z","Mitochondrial Diseases Gene Curation Expert Panel"
"SDHAF1","HGNC:33867","Leigh syndrome","MONDO:0009723","AR","SOP7","Limited","https://search.clinicalgenome.org/kb/gene-validity/CGGV:assertion_0baf56d2-40f8-465a-9b50-22f57481a5cb-2020-02-12T201133.569Z","2020-02-12T20:11:33.569Z","Mitochondrial Diseases Gene Curation Expert Panel"
"SEC63","HGNC:21082","polycystic liver disease 2","MONDO:0014860","AD","SOP7","Definitive","https://search.clinicalgenome.org/kb/gene-validity/CGGV:assertion_76312e16-e3b1-400a-8a22-4c0cca5e6918-2020-09-23T040000.000Z","2020-09-23T04:00:00.000Z","Kidney Cystic and Ciliopathy Disorders Gene Curation Expert Panel"
"SELENON","HGNC:15999","SELENON-related myopathy","MONDO:0100100","AR","SOP7","Definitive","https://search.clinicalgenome.org/kb/gene-validity/CGGV:assertion_7485529e-a573-4a47-aa0f-7c0d7067ae49-2020-04-27T190000.000Z","2020-04-27T19:00:00.000Z","Congenital Myopathies and Myasthenic Syndromes Gene Curation Expert Panel"
"SEMA4A","HGNC:10729","Lynch syndrome","MONDO:0005835","AD","SOP10","Disputed","https://search.clinicalgenome.org/kb/gene-validity/CGGV:assertion_af6942d6-a886-4ef0-a979-bce7a971e111-2024-03-22T170000.000Z","2024-03-22T17:00:00.000Z","Hereditary Cancer Gene Curation Expert Panel"
"SERPINC1","HGNC:775","hereditary antithrombin deficiency","MONDO:0013144","SD","SOP7","Definitive","https://search.clinicalgenome.org/kb/gene-validity/CGGV:assertion_dd6376b1-1593-461f-bfc8-cec5cfb1c3f8-2020-02-26T170000.000Z","2020-02-26T17:00:00.000Z","Hemostasis/Thrombosis Gene Curation Expert Panel"
"SERPIND1","HGNC:4838","heparin cofactor 2 deficiency","MONDO:0012876","AD","SOP7","Definitive","https://search.clinicalgenome.org/kb/gene-validity/CGGV:assertion_0888745c-f1e6-4af7-bdcd-bd229f043f07-2020-11-18T170000.000Z","2020-11-18T17:00:00.000Z","Hemostasis/Thrombosis Gene Curation Expert Panel"
"SERPINF2","HGNC:9075","alpha-2-plasmin inhibitor deficiency","MONDO:0009883","AR","SOP7","Definitive","https://search.clinicalgenome.org/kb/gene-validity/CGGV:assertion_a8fa2353-ff89-41f1-b030-bde64517edbb-2020-09-23T160000.000Z","2020-09-23T16:00:00.000Z","Hemostasis/Thrombosis Gene Curation Expert Panel"
"SKIC3","HGNC:23639","trichohepatoenteric syndrome 1","MONDO:0024541","AR","SOP10","Definitive","https://search.clinicalgenome.org/kb/gene-validity/CGGV:assertion_0e528747-17dd-4c07-95cb-de05ad840740-2024-04-23T160000.000Z","2024-04-23T16:00:00.000Z","Syndromic Disorders Gene Curation Expert Panel"
"SLC1A2","HGNC:10940","developmental and epileptic encephalopathy, 41","MONDO:0014916","AD","SOP7","Definitive","https://search.clinicalgenome.org/kb/gene-validity/CGGV:assertion_ebb83674-206f-461b-b98e-e12420208deb-2020-10-29T160000.000Z","2020-10-29T16:00:00.000Z","Aminoacidopathy Gene Curation Expert Panel"
"SLC1A3","HGNC:10941","episodic ataxia type 6","MONDO:0012982","AD","SOP7","Definitive","https://search.clinicalgenome.org/kb/gene-validity/CGGV:assertion_3bcae41b-3438-4e82-8f29-83cca7f142f0-2020-10-09T160000.000Z","2020-10-09T16:00:00.000Z","Aminoacidopathy Gene Curation Expert Panel"
"SLC22A5","HGNC:10969","short QT syndrome","MONDO:0000453","AR","SOP7","Disputed","https://search.clinicalgenome.org/kb/gene-validity/CGGV:assertion_b23b9707-bb3c-423d-b68e-54c57b991db6-2020-08-03T160000.000Z","2020-08-03T16:00:00.000Z","Short QT syndrome Gene Curation Expert Panel"
"SLC25A19","HGNC:14409","Leigh syndrome","MONDO:0009723","AR","SOP7","Limited","https://search.clinicalgenome.org/kb/gene-validity/CGGV:assertion_6ae17da7-86b0-4aba-a401-de1ccb6ecb83-2020-08-27T162850.918Z","2020-08-27T16:28:50.918Z","Mitochondrial Diseases Gene Curation Expert Panel"
"SLC25A46","HGNC:25198","Leigh syndrome","MONDO:0009723","AR","SOP7","Limited","https://search.clinicalgenome.org/kb/gene-validity/CGGV:assertion_6e456b6d-7a9b-42d2-ab51-0531f5184b41-2020-08-27T163757.565Z","2020-08-27T16:37:57.565Z","Mitochondrial Diseases Gene Curation Expert Panel"
"SLC25A46","HGNC:25198","neuropathy, hereditary motor and sensory, type 6B","MONDO:0014671","AR","SOP7","Definitive","https://search.clinicalgenome.org/kb/gene-validity/CGGV:assertion_9852fb40-0df1-4668-ba57-38a4971cb244-2020-05-26T160000.000Z","2020-05-26T16:00:00.000Z","Charcot-Marie-Tooth Disease Gene Curation Expert Panel"
"SLC39A8","HGNC:20862","Leigh syndrome","MONDO:0009723","AR","SOP7","Limited","https://search.clinicalgenome.org/kb/gene-validity/CGGV:assertion_5fddaae4-d982-49e7-9e83-b84d15f3cf2c-2020-11-23T195104.867Z","2020-11-23T19:51:04.867Z","Mitochondrial Diseases Gene Curation Expert Panel"
"SLC4A3","HGNC:11029","short QT syndrome","MONDO:0000453","AD","SOP7","Moderate","https://search.clinicalgenome.org/kb/gene-validity/CGGV:assertion_b5f6fcca-f8a9-47c2-bae9-a72df92f3bd1-2020-08-03T160000.000Z","2020-08-03T16:00:00.000Z","Short QT syndrome Gene Curation Expert Panel"
"SLC6A19","HGNC:27960","Hartnup disease","MONDO:0009324","AR","SOP7","Definitive","https://search.clinicalgenome.org/kb/gene-validity/CGGV:assertion_44c34762-450b-4abd-8fe4-3f17ff700630-2020-05-07T160000.000Z","2020-05-07T16:00:00.000Z","Aminoacidopathy Gene Curation Expert Panel"
"SLC6A3","HGNC:11049","SLC6A3-related dopamine transporter deficiency syndrome","MONDO:0700117","AR","SOP9","Definitive","https://search.clinicalgenome.org/kb/gene-validity/CGGV:assertion_bb7a8001-1bc9-4cdf-bb99-1979737bda79-2023-01-09T170000.000Z","2023-01-09T17:00:00.000Z","General Inborn Errors of Metabolism Gene Curation Expert Panel"
"SLC9A9","HGNC:20653","autism spectrum disorder","MONDO:0005258","AD","SOP7","Disputed","https://search.clinicalgenome.org/kb/gene-validity/CGGV:assertion_463ee005-1264-45da-bd85-3776a6637c68-2020-10-08T160000.000Z","2020-10-08T16:00:00.000Z","Intellectual Disability and Autism Gene Curation Expert Panel"
"SLITRK6","HGNC:23503","high myopia-sensorineural deafness syndrome","MONDO:0009082","AR","SOP7","Definitive","https://search.clinicalgenome.org/kb/gene-validity/CGGV:assertion_e9b9e41c-1b12-4159-9729-8de648e747b0-2020-04-21T211522.429Z","2020-04-21T21:15:22.429Z","Hearing Loss Gene Curation Expert Panel"
"SMARCE1","HGNC:11109","familial meningioma","MONDO:0011789","AD","SOP7","Definitive","https://search.clinicalgenome.org/kb/gene-validity/CGGV:assertion_01e68b67-987e-48ec-a167-cb659cc245e9-2020-07-30T211630.144Z","2020-07-30T21:16:30.144Z","Hereditary Cancer Gene Curation Expert Panel"
"SMC3","HGNC:2468","Cornelia de Lange syndrome","MONDO:0016033","AD","SOP7","Definitive","https://search.clinicalgenome.org/kb/gene-validity/CGGV:assertion_9467eaad-a86a-4b24-8cd4-98ebb57121c1-2020-04-07T160000.000Z","2020-04-07T16:00:00.000Z","Intellectual Disability and Autism Gene Curation Expert Panel"
"SOX5","HGNC:11201","Lamb-Shaffer syndrome","MONDO:0014778","AD","SOP8","Definitive","https://search.clinicalgenome.org/kb/gene-validity/CGGV:assertion_781f21f2-d01a-457c-913e-8687a7c2650d-2022-01-27T170000.000Z","2022-01-27T17:00:00.000Z","Intellectual Disability and Autism Gene Curation Expert Panel"
"SOX9","HGNC:11204","Cooks syndrome","MONDO:0007134","AD","SOP7","Limited","https://search.clinicalgenome.org/kb/gene-validity/CGGV:assertion_a1fdeca1-a725-4ccb-a7f6-e77c2d6158aa-2020-09-16T170000.000Z","2020-09-16T17:00:00.000Z","Skeletal Disorders Gene Curation Expert Panel"
"SOX9","HGNC:11204","campomelic dysplasia","MONDO:0007251","AD","SOP7","Definitive","https://search.clinicalgenome.org/kb/gene-validity/CGGV:assertion_ca6e2118-28d5-4a6f-8333-ee30994d41cd-2020-06-01T170000.000Z","2020-06-01T17:00:00.000Z","Skeletal Disorders Gene Curation Expert Panel"
"SPEG","HGNC:16901","myopathy, centronuclear, 5","MONDO:0014418","AR","SOP7","Definitive","https://search.clinicalgenome.org/kb/gene-validity/CGGV:assertion_3a8f91f1-da1e-489d-84e1-46aa543b3df9-2020-01-12T213416.305Z","2020-01-12T21:34:16.305Z","Congenital Myopathies and Myasthenic Syndromes Gene Curation Expert Panel"
"SPG11","HGNC:11226","hereditary spastic paraplegia 11","MONDO:0011445","AR","SOP9","Definitive","https://search.clinicalgenome.org/kb/gene-validity/CGGV:assertion_d32f521e-3d88-4b35-94e6-5fc4124c159c-2023-06-07T160000.000Z","2023-06-07T16:00:00.000Z","Amyotrophic Lateral Sclerosis Spectrum Disorders Gene Curation Expert Panel"
"ST3GAL3","HGNC:10866","complex neurodevelopmental disorder","MONDO:0100038","AR","SOP7","Moderate","https://search.clinicalgenome.org/kb/gene-validity/CGGV:assertion_e151129d-46fc-4f7e-a434-e423a3fb644b-2020-06-03T160000.000Z","2020-06-03T16:00:00.000Z","Intellectual Disability and Autism Gene Curation Expert Panel"
"SYNE4","HGNC:26703","nonsyndromic genetic hearing loss","MONDO:0019497","AR","SOP7","Moderate","https://search.clinicalgenome.org/kb/gene-validity/CGGV:assertion_7ba8e80d-ccfe-4c9d-a2a9-6abaa9dfacc6-2020-02-06T171016.249Z","2020-02-06T17:10:16.249Z","Hearing Loss Gene Curation Expert Panel"
"TBC1D24","HGNC:29203","DOORS syndrome","MONDO:0009079","AR","SOP6","Definitive","https://search.clinicalgenome.org/kb/gene-validity/CGGV:assertion_0fcb9839-6798-4195-8959-08d45bc63339-2020-03-11T132031.642Z","2020-03-11T13:20:31.642Z","Hearing Loss Gene Curation Expert Panel"
"TBL1XR1","HGNC:29529","complex neurodevelopmental disorder","MONDO:0100038","AD","SOP7","Definitive","https://search.clinicalgenome.org/kb/gene-validity/CGGV:assertion_8352a921-43c0-4097-9147-2618a4165b57-2020-07-07T170000.000Z","2020-07-07T17:00:00.000Z","Intellectual Disability and Autism Gene Curation Expert Panel"
"TBR1","HGNC:11590","complex neurodevelopmental disorder","MONDO:0100038","AD","SOP7","Definitive","https://search.clinicalgenome.org/kb/gene-validity/CGGV:assertion_853c90ef-34a8-4d7d-931d-5fb4add3e4d0-2020-03-25T160000.000Z","2020-03-25T16:00:00.000Z","Intellectual Disability and Autism Gene Curation Expert Panel"
"TCF20","HGNC:11631","developmental delay with variable intellectual impairment and behavioral abnormalities","MONDO:0032745","AD","SOP7","Definitive","https://search.clinicalgenome.org/kb/gene-validity/CGGV:assertion_619ae2be-5ab6-418d-8824-373369337faa-2020-10-07T172001.182Z","2020-10-07T17:20:01.182Z","Syndromic Disorders Gene Curation Expert Panel"
"TERT","HGNC:11730","dyskeratosis congenita, autosomal dominant 2","MONDO:0013521","SD","SOP7","Definitive","https://search.clinicalgenome.org/kb/gene-validity/CGGV:assertion_afb6ea76-e8ac-4a38-b42c-23fc18a9623b-2020-07-30T205843.081Z","2020-07-30T20:58:43.081Z","Hereditary Cancer Gene Curation Expert Panel"
"TGFBR2","HGNC:11773","Loeys-Dietz syndrome 2","MONDO:0012427","AD","SOP7","Definitive","https://search.clinicalgenome.org/kb/gene-validity/CGGV:assertion_73be8b4f-d823-44e5-ab76-faa3bc8eca84-2020-11-25T180000.000Z","2020-11-25T18:00:00.000Z","General Gene Curation Expert Panel"
"TJP1","HGNC:11827","arrhythmogenic right ventricular cardiomyopathy","MONDO:0016587","AD","SOP7","Limited","https://search.clinicalgenome.org/kb/gene-validity/CGGV:assertion_435951df-5a0d-4596-b112-ccd6d6204409-2019-02-08T170000.000Z","2019-02-08T17:00:00.000Z","Arrhythmogenic Right Ventricular Cardiomyopathy Gene Curation Expert Panel"
"TMEM43","HGNC:28472","arrhythmogenic right ventricular dysplasia 5","MONDO:0011459","AD","SOP7","Definitive","https://search.clinicalgenome.org/kb/gene-validity/CGGV:assertion_675dc788-9749-413f-93ce-8c1fc3adbe84-2018-10-26T160000.000Z","2018-10-26T16:00:00.000Z","Arrhythmogenic Right Ventricular Cardiomyopathy Gene Curation Expert Panel"
"TNNT1","HGNC:11948","nemaline myopathy 5","MONDO:0011539","AR","SOP7","Definitive","https://search.clinicalgenome.org/kb/gene-validity/CGGV:assertion_8f993d88-c2f6-42c8-8c2e-c1bb63e1416a-2020-05-07T160000.000Z","2020-05-07T16:00:00.000Z","Congenital Myopathies and Myasthenic Syndromes Gene Curation Expert Panel"
"TPP1","HGNC:2073","neuronal ceroid lipofuscinosis","MONDO:0016295","AR","SOP7","Definitive","https://search.clinicalgenome.org/kb/gene-validity/CGGV:assertion_9b2f3b20-fb9a-4b5e-ad8e-e03be5ebb8e5-2020-09-26T005342.102Z","2020-09-26T00:53:42.102Z","Epilepsy Gene Curation Expert Panel"
"TRAPPC9","HGNC:30832","intellectual disability-obesity-brain malformations-facial dysmorphism syndrome","MONDO:0018123","AR","SOP7","Definitive","https://search.clinicalgenome.org/kb/gene-validity/CGGV:assertion_456bfabf-5cad-4a08-bf21-3611a6fbf9b1-2020-08-15T160000.000Z","2020-08-15T16:00:00.000Z","Intellectual Disability and Autism Gene Curation Expert Panel"
"TRIM37","HGNC:7523","mulibrey nanism","MONDO:0009664","AR","SOP7","Definitive","https://search.clinicalgenome.org/kb/gene-validity/CGGV:assertion_0faa569d-4e0c-4809-a1b2-a93d460751e8-2020-05-01T160000.000Z","2020-05-01T16:00:00.000Z","Peroxisomal Disorders Gene Curation Expert Panel"
"TRIP11","HGNC:12305","TRIP11-related skeletal dysplasia","MONDO:1040009","AR","SOP10","Definitive","https://search.clinicalgenome.org/kb/gene-validity/CGGV:assertion_6867387e-63e6-43f1-83e4-e988db17b661-2024-09-30T160000.000Z","2024-09-30T16:00:00.000Z","Prenatal Gene Curation Expert Panel"
"TSFM","HGNC:12367","Leigh syndrome","MONDO:0009723","AR","SOP7","Moderate","https://search.clinicalgenome.org/kb/gene-validity/CGGV:assertion_e3d30a3f-a054-4812-9b97-116a8834fcb1-2020-02-12T195529.785Z","2020-02-12T19:55:29.785Z","Mitochondrial Diseases Gene Curation Expert Panel"
"TSPAN7","HGNC:11854","non-syndromic X-linked intellectual disability","MONDO:0019181","XL","SOP8","Moderate","https://search.clinicalgenome.org/kb/gene-validity/CGGV:assertion_2716e7b3-e038-421a-b584-55f6797502a4-2020-12-02T170000.000Z","2020-12-02T17:00:00.000Z","Intellectual Disability and Autism Gene Curation Expert Panel"
"TUBB2B","HGNC:30829","complex cortical dysplasia with other brain malformations","MONDO:0000904","AD","SOP7","Definitive","https://search.clinicalgenome.org/kb/gene-validity/CGGV:assertion_81ced164-4ef1-4256-a727-84e79930efcc-2020-04-26T040000.000Z","2020-04-26T04:00:00.000Z","Brain Malformations Gene Curation Expert Panel"
"TYR","HGNC:12442","oculocutaneous albinism type 1","MONDO:0018135","AR","SOP7","Definitive","https://search.clinicalgenome.org/kb/gene-validity/CGGV:assertion_c9b52af2-1674-4f3d-9d7f-398a5f7f6875-2020-08-28T160000.000Z","2020-08-28T16:00:00.000Z","Aminoacidopathy Gene Curation Expert Panel"
"USH1G","HGNC:16356","nonsyndromic genetic hearing loss","MONDO:0019497","AR","SOP6","Disputed","https://search.clinicalgenome.org/kb/gene-validity/CGGV:assertion_02c62d06-b496-4a48-a514-56a772fae071-2019-05-21T160000.000Z","2019-05-21T16:00:00.000Z","Hearing Loss Gene Curation Expert Panel"
"USP27X","HGNC:13486","X-linked intellectual disability","MONDO:0100284","XL","SOP9","Limited","https://search.clinicalgenome.org/kb/gene-validity/CGGV:assertion_f6aeec40-3974-4c03-8ac3-8f0fdd614d41-2023-02-01T190000.000Z","2023-02-01T19:00:00.000Z","Intellectual Disability and Autism Gene Curation Expert Panel"
"VHL","HGNC:12687","von Hippel-Lindau disease","MONDO:0008667","AD","SOP7","Definitive","https://search.clinicalgenome.org/kb/gene-validity/CGGV:assertion_30c04ced-b74d-465a-8d7d-eb822109b7f1-2020-05-14T004116.004Z","2020-05-14T00:41:16.004Z","Hereditary Cancer Gene Curation Expert Panel"
"VIPAS39","HGNC:20347","arthrogryposis, renal dysfunction, and cholestasis 2","MONDO:0013255","AR","SOP7","Definitive","https://search.clinicalgenome.org/kb/gene-validity/CGGV:assertion_b87d2443-a34d-41b1-8712-bcd346e3cf52-2020-12-16T170000.000Z","2020-12-16T17:00:00.000Z","Hemostasis/Thrombosis Gene Curation Expert Panel"
"VWF","HGNC:12726","hereditary von Willebrand disease","MONDO:0019565","AD","SOP7","Definitive","https://search.clinicalgenome.org/kb/gene-validity/CGGV:assertion_4899c76e-7d5e-4b00-a47f-7e1f1b0ba664-2020-09-23T160000.000Z","2020-09-23T16:00:00.000Z","Hemostasis/Thrombosis Gene Curation Expert Panel"
"VWF","HGNC:12726","von Willebrand disease type 2B","MONDO:0015629","AD","SOP7","Definitive","https://search.clinicalgenome.org/kb/gene-validity/CGGV:assertion_ecfe8bc1-5a4b-4d41-80d1-217af5b5b77f-2020-09-23T160000.000Z","2020-09-23T16:00:00.000Z","Hemostasis/Thrombosis Gene Curation Expert Panel"
"WDR62","HGNC:24502","microcephaly 2, primary, autosomal recessive, with or without cortical malformations","MONDO:0011435","AR","SOP7","Definitive","https://search.clinicalgenome.org/kb/gene-validity/CGGV:assertion_bdbcb9de-2ded-46a0-a6d0-16b34ea22008-2020-05-26T160000.000Z","2020-05-26T16:00:00.000Z","Brain Malformations Gene Curation Expert Panel"
"WRN","HGNC:12791","Werner syndrome","MONDO:0010196","AR","SOP6","Definitive","https://search.clinicalgenome.org/kb/gene-validity/CGGV:assertion_d9c04f29-bc94-40c5-95d7-d25d21cd387f-2018-10-09T170000.000Z","2018-10-09T17:00:00.000Z","Hereditary Cancer Gene Curation Expert Panel"
"WT1","HGNC:12796","Wilms tumor 1","MONDO:0008679","AD","SOP7","Definitive","https://search.clinicalgenome.org/kb/gene-validity/CGGV:assertion_65010002-ff97-4dc0-a89f-6c77abf0982a-2020-07-30T205501.047Z","2020-07-30T20:55:01.047Z","Hereditary Cancer Gene Curation Expert Panel"
"YARS1","HGNC:12840","Charcot-Marie-Tooth disease","MONDO:0015626","AD","SOP7","Definitive","https://search.clinicalgenome.org/kb/gene-validity/CGGV:assertion_9c326f90-be08-4bb3-9593-b2df48f29ca1-2020-04-28T160000.000Z","2020-04-28T16:00:00.000Z","Charcot-Marie-Tooth Disease Gene Curation Expert Panel"
"ZDHHC9","HGNC:18475","syndromic X-linked intellectual disability Raymond type","MONDO:0010427","XL","SOP7","Definitive","https://search.clinicalgenome.org/kb/gene-validity/CGGV:assertion_2156b925-1ee6-4edb-a514-3650aa5b780e-2020-05-19T160000.000Z","2020-05-19T16:00:00.000Z","Intellectual Disability and Autism Gene Curation Expert Panel"
"ZNF462","HGNC:21684","Weiss-Kruszka syndrome","MONDO:0032836","AD","SOP7","Definitive","https://search.clinicalgenome.org/kb/gene-validity/CGGV:assertion_9fb3ee56-12be-4418-bd85-56e7958ac601-2020-08-25T131051.689Z","2020-08-25T13:10:51.689Z","Syndromic Disorders Gene Curation Expert Panel"
"CACNA2D1","HGNC:1399","Brugada syndrome 1","MONDO:0011001","AD","SOP5","Disputed","https://search.clinicalgenome.org/kb/gene-validity/CGGCIEX:assertion_10147","2017-11-21T00:00:00","Brugada Syndrome Gene Curation Expert Panel"
"FANCM","HGNC:23168","hereditary breast carcinoma","MONDO:0016419","AD","SOP11","Limited","https://search.clinicalgenome.org/kb/gene-validity/CGGV:assertion_25744c57-8e53-403b-a2ec-fb405ad452cc-2024-11-22T180000.000Z","2024-11-22T18:00:00.000Z","Hereditary Cancer Gene Curation Expert Panel"
"ALDH4A1","HGNC:406","hyperprolinemia type 2","MONDO:0009401","AR","SOP7","Definitive","https://search.clinicalgenome.org/kb/gene-validity/CGGV:assertion_5edc3f72-31e0-47f8-bcec-e3e5b81c97ae-2020-10-23T171643.432Z","2020-10-23T17:16:43.432Z","Aminoacidopathy Gene Curation Expert Panel"
"ASNS","HGNC:753","congenital microcephaly - severe encephalopathy - progressive cerebral atrophy syndrome","MONDO:0014258","AR","SOP7","Definitive","https://search.clinicalgenome.org/kb/gene-validity/CGGV:assertion_e1cea57d-fe02-469e-8c52-a383c3f5a0c6-2020-06-29T174449.301Z","2020-06-29T17:44:49.301Z","Aminoacidopathy Gene Curation Expert Panel"
"ASS1","HGNC:758","citrullinemia type I","MONDO:0008988","AR","SOP6","Definitive","https://search.clinicalgenome.org/kb/gene-validity/CGGV:assertion_5dc5ef32-81ca-478e-be42-436da3416e4d-2018-12-27T170000.000Z","2018-12-27T17:00:00.000Z","Aminoacidopathy Gene Curation Expert Panel"
"AUH","HGNC:890","3-methylglutaconic aciduria type 1","MONDO:0009610","AR","SOP7","Definitive","https://search.clinicalgenome.org/kb/gene-validity/CGGV:assertion_681f6747-37ce-498e-8bb1-eddd55a90e2c-2020-06-29T174231.569Z","2020-06-29T17:42:31.569Z","Aminoacidopathy Gene Curation Expert Panel"
"BRCA1","HGNC:1100","Fanconi anemia, complementation group S","MONDO:0054748","AR","SOP7","Definitive","https://search.clinicalgenome.org/kb/gene-validity/CGGV:assertion_aa39798d-9b6e-430d-8bc1-2a01f81f1f72-2020-05-14T003137.538Z","2020-05-14T00:31:37.538Z","Hereditary Cancer Gene Curation Expert Panel"
"BTD","HGNC:1122","biotinidase deficiency","MONDO:0009665","AR","SOP6","Definitive","https://search.clinicalgenome.org/kb/gene-validity/CGGV:assertion_847f7f2b-575f-4a90-bf02-179d464e4841-2020-02-10T180000.000Z","2020-02-10T18:00:00.000Z","Hearing Loss Gene Curation Expert Panel"
"CACNB4","HGNC:1404","epilepsy","MONDO:0005027","AD","SOP9","Refuted","https://search.clinicalgenome.org/kb/gene-validity/CGGV:assertion_d2fad131-8e91-4874-9394-8b86d6d62abb-2022-07-05T160000.000Z","2022-07-05T16:00:00.000Z","Epilepsy Gene Curation Expert Panel"
"DCDC2","HGNC:18141","nonsyndromic genetic hearing loss","MONDO:0019497","AR","SOP7","Limited","https://search.clinicalgenome.org/kb/gene-validity/CGGV:assertion_86802e37-e2a5-43b9-8538-e104859b4c55-2020-08-31T170000.000Z","2020-08-31T17:00:00.000Z","Hearing Loss Gene Curation Expert Panel"
"EDN3","HGNC:3178","Waardenburg syndrome type 4B","MONDO:0013201","AR","SOP9","Moderate","https://search.clinicalgenome.org/kb/gene-validity/CGGV:assertion_7f88c34c-a093-4fc8-b84a-49c7d2dd327f-2023-06-29T160000.000Z","2023-06-29T16:00:00.000Z","Hearing Loss Gene Curation Expert Panel"
"FAH","HGNC:3579","tyrosinemia type I","MONDO:0010161","AR","SOP7","Definitive","https://search.clinicalgenome.org/kb/gene-validity/CGGV:assertion_39c50699-f422-4bae-89ac-af13ef7cb8cc-2020-06-29T174149.440Z","2020-06-29T17:41:49.440Z","Aminoacidopathy Gene Curation Expert Panel"
"FH","HGNC:3700","hereditary leiomyomatosis and renal cell cancer","MONDO:0007888","AD","SOP7","Definitive","https://search.clinicalgenome.org/kb/gene-validity/CGGV:assertion_59e42ccd-2b0b-441c-8529-6eb1e9dde330-2020-05-14T002334.007Z","2020-05-14T00:23:34.007Z","Hereditary Cancer Gene Curation Expert Panel"
"FLAD1","HGNC:24671","myopathy with abnormal lipid metabolism","MONDO:0009703","AR","SOP7","Definitive","https://search.clinicalgenome.org/kb/gene-validity/CGGV:assertion_769764bf-09c5-4a7d-8501-5fcf154fcdda-2020-12-16T181902.981Z","2020-12-16T18:19:02.981Z","Fatty Acid Oxidation Disorders Gene Curation Expert Panel"
"GNPAT","HGNC:4416","glyceronephosphate O-acyltransferase deficiency","MONDO:0100273","AR","SOP8","Definitive","https://search.clinicalgenome.org/kb/gene-validity/CGGV:assertion_ba96f922-5ec9-4404-b2e4-66c31c2dcda6-2020-02-07T170000.000Z","2020-02-07T17:00:00.000Z","Peroxisomal Disorders Gene Curation Expert Panel"
"GRHL2","HGNC:2799","nonsyndromic genetic hearing loss","MONDO:0019497","AD","SOP7","Definitive","https://search.clinicalgenome.org/kb/gene-validity/CGGV:assertion_a2ca9952-b611-4e6f-bbf8-aa5175248d01-2020-05-01T160000.000Z","2020-05-01T16:00:00.000Z","Hearing Loss Gene Curation Expert Panel"
"HGD","HGNC:4892","alkaptonuria","MONDO:0008753","AR","SOP7","Definitive","https://search.clinicalgenome.org/kb/gene-validity/CGGV:assertion_5186836d-d9c6-4829-a0c9-59548460d6f2-2020-06-29T174125.541Z","2020-06-29T17:41:25.541Z","Aminoacidopathy Gene Curation Expert Panel"
"HOMER2","HGNC:17513","nonsyndromic genetic hearing loss","MONDO:0019497","AD","SOP7","Moderate","https://search.clinicalgenome.org/kb/gene-validity/CGGV:assertion_9158c2a6-f11b-47b4-ac7d-45471f7255a1-2020-08-31T170000.000Z","2020-08-31T17:00:00.000Z","Hearing Loss Gene Curation Expert Panel"
"HPD","HGNC:5147","tyrosinemia type III","MONDO:0010162","AR","SOP7","Definitive","https://search.clinicalgenome.org/kb/gene-validity/CGGV:assertion_89eb4236-9243-490b-bc73-fb3b99675eb9-2020-06-29T173606.841Z","2020-06-29T17:36:06.841Z","Aminoacidopathy Gene Curation Expert Panel"
"LZTR1","HGNC:6742","Noonan syndrome","MONDO:0018997","AD","SOP7","Definitive","https://search.clinicalgenome.org/kb/gene-validity/CGGV:assertion_6f21db9c-87ea-4095-96ca-4277eaa21232-2020-04-23T170000.000Z","2020-04-23T17:00:00.000Z","RASopathy Gene Curation Expert Panel"
"MMACHC","HGNC:24525","methylmalonic aciduria and homocystinuria type cblC","MONDO:0010184","AR","SOP7","Definitive","https://search.clinicalgenome.org/kb/gene-validity/CGGV:assertion_6feb4bda-539f-4592-acaf-26dc186e953a-2020-06-29T174303.503Z","2020-06-29T17:43:03.503Z","Aminoacidopathy Gene Curation Expert Panel"
"MMUT","HGNC:7526","methylmalonic aciduria due to methylmalonyl-CoA mutase deficiency","MONDO:0009612","AR","SOP6","Definitive","https://search.clinicalgenome.org/kb/gene-validity/CGGV:assertion_3c5301da-0dad-417a-8257-5b1c6155e8fa-2019-05-09T160000.000Z","2019-05-09T16:00:00.000Z","Aminoacidopathy Gene Curation Expert Panel"
"MYH14","HGNC:23212","nonsyndromic genetic hearing loss","MONDO:0019497","AD","SOP7","Moderate","https://search.clinicalgenome.org/kb/gene-validity/CGGV:assertion_007697a5-2f83-40d0-b2ea-914e458a1452-2020-08-31T170000.000Z","2020-08-31T17:00:00.000Z","Hearing Loss Gene Curation Expert Panel"
"PPP1CB","HGNC:9282","Noonan syndrome-like disorder with loose anagen hair","MONDO:0011899","AD","SOP7","Definitive","https://search.clinicalgenome.org/kb/gene-validity/CGGV:assertion_16bcb316-090f-420d-9c89-b7642d3dc725-2020-04-23T160000.000Z","2020-04-23T16:00:00.000Z","RASopathy Gene Curation Expert Panel"
"PSAT1","HGNC:19129","neurometabolic disorder due to serine deficiency","MONDO:0018162","AR","SOP7","Definitive","https://search.clinicalgenome.org/kb/gene-validity/CGGV:assertion_ca702099-7dc9-4434-b661-a6f9b8c72d5c-2020-06-29T165656.452Z","2020-06-29T16:56:56.452Z","Aminoacidopathy Gene Curation Expert Panel"
"SBDS","HGNC:19440","Shwachman-Diamond syndrome","MONDO:0009833","AR","SOP7","Definitive","https://search.clinicalgenome.org/kb/gene-validity/CGGV:assertion_7c2a84f0-e42d-487f-a2af-5b536a30d30c-2020-07-30T210401.699Z","2020-07-30T21:04:01.699Z","Hereditary Cancer Gene Curation Expert Panel"
"SLC26A5","HGNC:9359","nonsyndromic genetic hearing loss","MONDO:0019497","AR","SOP8","Limited","https://search.clinicalgenome.org/kb/gene-validity/CGGV:assertion_2f835f34-fe68-49a8-9399-bccebba540d4-2022-01-26T204254.928Z","2022-01-26T20:42:54.928Z","Hearing Loss Gene Curation Expert Panel"
"SLC3A1","HGNC:11025","cystinuria","MONDO:0009067","AR","SOP7","Definitive","https://search.clinicalgenome.org/kb/gene-validity/CGGV:assertion_fbde8280-d4bc-47e8-8f3d-aed8bb05e22e-2020-06-29T174347.853Z","2020-06-29T17:43:47.853Z","Aminoacidopathy Gene Curation Expert Panel"
"SLC6A8","HGNC:11055","creatine transporter deficiency","MONDO:0010305","XL","SOP7","Definitive","https://search.clinicalgenome.org/kb/gene-validity/CGGV:assertion_3795f0ae-7668-47b8-b69e-9c686b82bd0a-2020-02-10T170000.000Z","2020-02-10T17:00:00.000Z","Aminoacidopathy Gene Curation Expert Panel"
"SLC7A9","HGNC:11067","cystinuria","MONDO:0009067","AR","SOP7","Definitive","https://search.clinicalgenome.org/kb/gene-validity/CGGV:assertion_a8e706c5-4b10-4c8a-b5ab-dda8545f464a-2020-06-29T174426.491Z","2020-06-29T17:44:26.491Z","Aminoacidopathy Gene Curation Expert Panel"
"SOS2","HGNC:11188","Noonan syndrome","MONDO:0018997","AD","SOP8","Definitive","https://search.clinicalgenome.org/kb/gene-validity/CGGV:assertion_f20a1034-e29d-49bb-aed9-b4ba63dc5968-2020-08-27T160000.000Z","2020-08-27T16:00:00.000Z","RASopathy Gene Curation Expert Panel"
"STAC3","HGNC:28423","Bailey-Bloch congenital myopathy","MONDO:0009722","AR","SOP7","Definitive","https://search.clinicalgenome.org/kb/gene-validity/CGGV:assertion_940572b9-6a5a-4de1-8ee1-6394f589515f-2020-04-25T160000.000Z","2020-04-25T16:00:00.000Z","Congenital Myopathies and Myasthenic Syndromes Gene Curation Expert Panel"
"TAT","HGNC:11573","tyrosinemia type II","MONDO:0010160","AR","SOP7","Definitive","https://search.clinicalgenome.org/kb/gene-validity/CGGV:assertion_7a28aa11-78af-4c3b-900e-79c6a1e9339a-2020-06-29T174208.705Z","2020-06-29T17:42:08.705Z","Aminoacidopathy Gene Curation Expert Panel"
"TUSC3","HGNC:30242","intellectual disability","MONDO:0001071","AR","SOP7","Definitive","https://search.clinicalgenome.org/kb/gene-validity/CGGV:assertion_db38ed95-d1fe-43d6-bf80-c5e3f24f7d1b-2020-04-07T160000.000Z","2020-04-07T16:00:00.000Z","Intellectual Disability and Autism Gene Curation Expert Panel"
"ZNF292","HGNC:18410","complex neurodevelopmental disorder","MONDO:0100038","AD","SOP7","Definitive","https://search.clinicalgenome.org/kb/gene-validity/CGGV:assertion_dba438b7-23f9-4c15-a8aa-f70431a193e2-2020-05-06T160000.000Z","2020-05-06T16:00:00.000Z","Intellectual Disability and Autism Gene Curation Expert Panel"
"AP4E1","HGNC:573","AP-4 deficiency syndrome","MONDO:0100176","AR","SOP10","Definitive","https://search.clinicalgenome.org/kb/gene-validity/CGGV:assertion_be93d2e7-f302-41a7-9675-032510e46ad2-2020-12-16T170000.000Z","2020-12-16T17:00:00.000Z","Intellectual Disability and Autism Gene Curation Expert Panel"
"CCDC50","HGNC:18111","nonsyndromic genetic hearing loss","MONDO:0019497","AD","SOP10","Limited","https://search.clinicalgenome.org/kb/gene-validity/CGGV:assertion_cf656dcb-6644-41bb-a29a-d7bdf54b28f7-2024-06-25T160000.000Z","2024-06-25T16:00:00.000Z","Hearing Loss Gene Curation Expert Panel"
"CCNQ","HGNC:28434","syndactyly-telecanthus-anogenital and renal malformations syndrome","MONDO:0010408","XL","SOP11","Moderate","https://search.clinicalgenome.org/kb/gene-validity/CGGV:assertion_23aca7cf-8896-4a9d-a40b-94b6c8f18398-2024-07-19T160000.000Z","2024-07-19T16:00:00.000Z","Syndromic Disorders Gene Curation Expert Panel"
"GBA1","HGNC:4177","Gaucher disease","MONDO:0018150","AR","SOP10","Definitive","https://search.clinicalgenome.org/kb/gene-validity/CGGV:assertion_fbc5a876-f97e-4f9c-be99-664e2f6c8470-2020-06-24T160000.000Z","2020-06-24T16:00:00.000Z","General Gene Curation Expert Panel"
"HPD","HGNC:5147","hawkinsinuria","MONDO:0007700","AD","SOP9","Limited","https://search.clinicalgenome.org/kb/gene-validity/CGGV:assertion_6819b0ea-9f21-4f91-ae92-133d97fcf87b-2023-11-17T170000.000Z","2023-11-17T17:00:00.000Z","Aminoacidopathy Gene Curation Expert Panel"
"LZTR1","HGNC:6742","Noonan syndrome","MONDO:0018997","AR","SOP9","Definitive","https://search.clinicalgenome.org/kb/gene-validity/CGGV:assertion_7aa1e103-4f77-4c50-99c5-621a6a837b95-2020-08-27T160000.000Z","2020-08-27T16:00:00.000Z","RASopathy Gene Curation Expert Panel"
"MPL","HGNC:7217","congenital amegakaryocytic thrombocytopenia 1","MONDO:0800452","AR","SOP7","Definitive","https://search.clinicalgenome.org/kb/gene-validity/CGGV:assertion_d97f51ea-0148-483b-a18e-e61ee2e30690-2020-07-22T160000.000Z","2020-07-22T16:00:00.000Z","Hemostasis/Thrombosis Gene Curation Expert Panel"
"OGT","HGNC:8127","intellectual disability, X-linked 106","MONDO:0030907","XL","SOP10","Moderate","https://search.clinicalgenome.org/kb/gene-validity/CGGV:assertion_07776d36-7494-4ee4-992e-c6fb82c36749-2024-08-08T160000.000Z","2024-08-08T16:00:00.000Z","Syndromic Disorders Gene Curation Expert Panel"
"SRPX2","HGNC:30668","epilepsy","MONDO:0005027","XL","SOP9","Refuted","https://search.clinicalgenome.org/kb/gene-validity/CGGV:assertion_e9555886-a248-4bd4-b3dc-50ff503d6e7a-2023-10-17T170000.000Z","2023-10-17T17:00:00.000Z","Epilepsy Gene Curation Expert Panel"
"XPNPEP3","HGNC:28052","nephronophthisis-like nephropathy 1","MONDO:0013163","AR","SOP10","Definitive","https://search.clinicalgenome.org/kb/gene-validity/CGGV:assertion_c1fd65c6-6010-4ee7-bb1c-e347c539127c-2024-06-10T160000.000Z","2024-06-10T16:00:00.000Z","Kidney Cystic and Ciliopathy Disorders Gene Curation Expert Panel"
"EIF2B1","HGNC:3257","leukoencephalopathy with vanishing white matter 1","MONDO:0020507","AR","SOP11","Definitive","https://search.clinicalgenome.org/kb/gene-validity/CGGV:assertion_35e2ff63-0a4f-4425-9330-cc70fbe9954d-2025-02-05T170000.000Z","2025-02-05T17:00:00.000Z","Leukodystrophy and Leukoencephalopathy Gene Curation Expert Panel"
"FANCM","HGNC:23168","FANCM Fanconi-like genomic instability disorder","MONDO:0100578","AR","SOP11","Definitive","https://search.clinicalgenome.org/kb/gene-validity/CGGV:assertion_abb231b6-1452-4f24-a8c1-ab45a791e73c-2024-11-12T170000.000Z","2024-11-12T17:00:00.000Z","Childhood, Adolescent and Young Adult Cancer Predisposition Gene Curation Expert Panel"
"B3GALT6","HGNC:17978","B3GALT6-congenital disorder of glycosylation","MONDO:0100586","AR","SOP11","Definitive","https://search.clinicalgenome.org/kb/gene-validity/CGGV:assertion_4e67a52c-3e93-4bc2-bbc6-05f8dc9be657-2025-04-04T170000.000Z","2025-04-04T17:00:00.000Z","Congenital Disorders of Glycosylation Gene Curation Expert Panel"
"PRIM1","HGNC:9369","primordial dwarfism-immunodeficiency-lipodystrophy syndrome","MONDO:0859276","AR","SOP11","Moderate","https://search.clinicalgenome.org/kb/gene-validity/CGGV:assertion_56859937-d536-48e8-915d-2f2b7ff07c74-2025-03-20T160000.000Z","2025-03-20T16:00:00.000Z","SCID-CID Gene Curation Expert Panel"
"FANCM","HGNC:23168","Fanconi anemia","MONDO:0019391","AR","SOP11","Refuted","https://search.clinicalgenome.org/kb/gene-validity/CGGV:assertion_28865445-bea0-42c1-8f50-fae94e93f1d8-2024-12-10T170000.000Z","2024-12-10T17:00:00.000Z","Childhood, Adolescent and Young Adult Cancer Predisposition Gene Curation Expert Panel"
"SLC26A2","HGNC:10994","SLC26A2-related skeletal dysplasia","MONDO:0100592","AR","SOP7","Definitive","https://search.clinicalgenome.org/kb/gene-validity/CGGV:assertion_48af0749-5b01-4feb-b3a0-9d08cb8e7235-2020-08-03T160000.000Z","2020-08-03T16:00:00.000Z","Skeletal Disorders Gene Curation Expert Panel"
"BMP6","HGNC:1073","iron overload, susceptibility to","MONDO:0859316","AD","SOP11","Limited","https://search.clinicalgenome.org/kb/gene-validity/CGGV:assertion_61e1d5f4-7b1a-4abc-89e7-9ce04b34e2a9-2025-06-06T170000.000Z","2025-06-06T17:00:00.000Z","General Inborn Errors of Metabolism Gene Curation Expert Panel"
"NDE1","HGNC:17619","microcephaly with lissencephaly and/or hydranencephaly","MONDO:0700116","AR","SOP11","Definitive","https://search.clinicalgenome.org/kb/gene-validity/CGGV:assertion_1661eceb-99dd-41d1-9253-6378595732cb-2024-12-10T180000.000Z","2024-12-10T18:00:00.000Z","Brain Malformations Gene Curation Expert Panel"
"FGF9","HGNC:3687","multiple synostoses syndrome","MONDO:0017923","AD","SOP11","Definitive","https://search.clinicalgenome.org/kb/gene-validity/CGGV:assertion_1fd535ba-f5b4-469b-8866-894cf9e4e1d0-2025-06-24T040000.000Z","2025-06-24T04:00:00.000Z","Craniofacial Malformations Gene Curation Expert Panel"
"MPDU1","HGNC:7207","MPDU1-congenital disorder of glycosylation","MONDO:0012211","AR","SOP11","Definitive","https://search.clinicalgenome.org/kb/gene-validity/CGGV:assertion_5d202368-a518-4c8c-81a3-1462d8fd18e6-2025-07-16T160000.000Z","2025-07-16T16:00:00.000Z","Congenital Disorders of Glycosylation Gene Curation Expert Panel"
"MYBPC3","HGNC:7551","dilated cardiomyopathy","MONDO:0005021","AR","SOP10","Limited","https://search.clinicalgenome.org/kb/gene-validity/CGGV:assertion_f240fb99-f839-4b9b-8e52-f2dc49078886-2025-05-16T040000.000Z","2025-05-16T04:00:00.000Z","Dilated Cardiomyopathy Gene Curation Expert Panel"
"UNC93B1","HGNC:13481","systemic lupus erythematosus","MONDO:0007915","SD","SOP11","Moderate","https://search.clinicalgenome.org/kb/gene-validity/CGGV:assertion_5cd5e1c8-5047-4ea1-9045-cb5bf978613b-2025-04-09T190000.000Z","2025-04-09T19:00:00.000Z","Monogenic Systemic and Incomplete Lupus Erythematosus Gene Curation Expert Panel"
"GFER","HGNC:4236","mitochondrial disease","MONDO:0044970","AR","SOP10","Definitive","https://search.clinicalgenome.org/kb/gene-validity/CGGV:assertion_494b0327-da1a-4b06-9563-2b846ce561a3-2023-09-28T040000.000Z","2023-09-28T04:00:00.000Z","Mitochondrial Diseases Gene Curation Expert Panel"
"ADAT3","HGNC:25151","intellectual disability-strabismus syndrome","MONDO:0014119","AR","SOP11","Moderate","https://search.clinicalgenome.org/kb/gene-validity/CGGV:assertion_7a9357c4-670e-498d-8e50-e58b08cff6cc-2025-09-15T220000.000Z","2025-09-15T22:00:00.000Z","Intellectual Disability and Autism Gene Curation Expert Panel"
"C1GALT1C1","HGNC:24338","hemolytic uremic syndrome, atypical, 8, with rhizomelic short stature","MONDO:0957495","XL","SOP11","Limited","https://search.clinicalgenome.org/kb/gene-validity/CGGV:assertion_5a5ca158-bc76-49f8-84a0-fc60e6b13fdb-2025-01-28T050000.000Z","2025-01-28T05:00:00.000Z","Congenital Disorders of Glycosylation Gene Curation Expert Panel"
"TF","HGNC:11740","atransferrinemia","MONDO:0008846","AR","SOP11","Moderate","https://search.clinicalgenome.org/kb/gene-validity/CGGV:assertion_a8191bb4-d729-4004-9b68-2d4aee81bd7d-2025-09-26T070000.000Z","2025-09-26T07:00:00.000Z","General Inborn Errors of Metabolism Gene Curation Expert Panel"
"ADSL","HGNC:291","adenylosuccinate lyase deficiency","MONDO:0007068","AR","SOP7","Definitive","https://search.clinicalgenome.org/kb/gene-validity/CGGV:assertion_d282f565-84e4-4a47-9acc-77ee31bbe9f6-2020-09-06T220000.000Z","2020-09-06T22:00:00.000Z","Intellectual Disability and Autism Gene Curation Expert Panel"
"AGTR2","HGNC:338","X-linked complex neurodevelopmental disorder","MONDO:0100148","XL","SOP7","Disputed","https://search.clinicalgenome.org/kb/gene-validity/CGGV:assertion_d7cfa2a0-e6a7-49b8-a773-b32a1dfbcd57-2020-06-01T220000.000Z","2020-06-01T22:00:00.000Z","Intellectual Disability and Autism Gene Curation Expert Panel"
"ANK2","HGNC:493","complex neurodevelopmental disorder","MONDO:0100038","AD","SOP7","Definitive","https://search.clinicalgenome.org/kb/gene-validity/CGGV:assertion_097e646b-467f-4c08-95d6-958ed324562b-2020-10-21T100000.000Z","2020-10-21T10:00:00.000Z","Intellectual Disability and Autism Gene Curation Expert Panel"
"ANK3","HGNC:494","intellectual disability","MONDO:0001071","AR","SOP11","Moderate","https://search.clinicalgenome.org/kb/gene-validity/CGGV:assertion_668a89e3-477d-434c-8ab4-0bc9ec3504de-2024-10-02T100000.000Z","2024-10-02T10:00:00.000Z","Intellectual Disability and Autism Gene Curation Expert Panel"
"ARHGEF6","HGNC:685","non-syndromic X-linked intellectual disability","MONDO:0019181","XL","SOP8","Disputed","https://search.clinicalgenome.org/kb/gene-validity/CGGV:assertion_d248ef99-6ff8-43d8-a24e-dfce6b2db1c8-2020-10-19T220000.000Z","2020-10-19T22:00:00.000Z","Intellectual Disability and Autism Gene Curation Expert Panel"
"CACNA1C","HGNC:1390","long QT syndrome","MONDO:0002442","AD","SOP7","Moderate","https://search.clinicalgenome.org/kb/gene-validity/CGGV:assertion_c496551d-c7a7-4e49-ad41-8cfd49840dc1-2020-04-24T040000.000Z","2020-04-24T04:00:00.000Z","Long QT syndrome Gene Curation Expert Panel"
"COL2A1","HGNC:2200","achondrogenesis type II","MONDO:0008702","AD","SOP7","Definitive","https://search.clinicalgenome.org/kb/gene-validity/CGGV:assertion_14640c06-c66e-4dc7-86ea-9b0850e51474-2020-10-05T040000.000Z","2020-10-05T04:00:00.000Z","Skeletal Disorders Gene Curation Expert Panel"
"DKC1","HGNC:2890","DKC1-related disorder","MONDO:0100152","XL","SOP7","Definitive","https://search.clinicalgenome.org/kb/gene-validity/CGGV:assertion_afd6a4ca-7a1c-42ef-a9cf-bef557128f12-2020-09-13T153338.000Z","2020-09-13T15:33:38.000Z","Intellectual Disability and Autism Gene Curation Expert Panel"
"LYST","HGNC:1968","Chediak-Higashi syndrome","MONDO:0008963","AR","SOP7","Definitive","https://search.clinicalgenome.org/kb/gene-validity/CGGV:assertion_5d752f7c-43d2-4ba9-910f-f286f5443012-2020-05-27T040000.000Z","2020-05-27T04:00:00.000Z","Hemostasis/Thrombosis Gene Curation Expert Panel"
"MT-TT","HGNC:7499","mitochondrial disease","MONDO:0044970","MT","SOP11","Moderate","https://search.clinicalgenome.org/kb/gene-validity/CGGV:assertion_99e85f3e-3c1f-4265-8b70-0870e95d4c30-2025-07-14T040000.000Z","2025-07-14T04:00:00.000Z","Mitochondrial Diseases Gene Curation Expert Panel"
"MYT1L","HGNC:7623","syndromic complex neurodevelopmental disorder","MONDO:0800439","AD","SOP11","Definitive","https://search.clinicalgenome.org/kb/gene-validity/CGGV:assertion_32897f25-e36a-4ec8-9401-0374a95e06a5-2020-08-18T040000.000Z","2020-08-18T04:00:00.000Z","Intellectual Disability and Autism Gene Curation Expert Panel"
"NAA10","HGNC:18704","NAA10-related syndrome","MONDO:0100124","XL","SOP9","Definitive","https://search.clinicalgenome.org/kb/gene-validity/CGGV:assertion_fcdd3d02-82f3-4ea3-a2b0-8ac2d4c40b1b-2020-09-01T220000.000Z","2020-09-01T22:00:00.000Z","Intellectual Disability and Autism Gene Curation Expert Panel"
"PACS1","HGNC:30032","Schuurs-Hoeijmakers syndrome","MONDO:0014006","AD","SOP7","Definitive","https://search.clinicalgenome.org/kb/gene-validity/CGGV:assertion_f5fb6cba-cff6-4498-a725-3f863a910cf1-2020-06-26T182716.855Z","2020-06-26T18:27:16.855Z","Intellectual Disability and Autism Gene Curation Expert Panel"
"PDE6G","HGNC:8789","PDE6G-related retinopathy","MONDO:1040034","AR","SOP10","Definitive","https://search.clinicalgenome.org/kb/gene-validity/CGGV:assertion_b5b69965-33e0-4a8c-b5dd-faede6c39912-2024-06-06T160000.000Z","2024-06-06T16:00:00.000Z","Retina Gene Curation Expert Panel"
"PHGDH","HGNC:8923","neurometabolic disorder due to serine deficiency","MONDO:0018162","AR","SOP7","Definitive","https://search.clinicalgenome.org/kb/gene-validity/CGGV:assertion_f1b4e8da-d6e7-4494-abb0-f2953548a722-2020-06-29T160000.000Z","2020-06-29T16:00:00.000Z","Aminoacidopathy Gene Curation Expert Panel"
"POGZ","HGNC:18801","intellectual disability-microcephaly-strabismus-behavioral abnormalities syndrome","MONDO:0014606","AD","SOP7","Definitive","https://search.clinicalgenome.org/kb/gene-validity/CGGV:assertion_c5742d94-0642-4598-9fbd-fd43a2c21559-2020-03-08T230000.000Z","2020-03-08T23:00:00.000Z","Intellectual Disability and Autism Gene Curation Expert Panel"
"PROS1","HGNC:9456","protein S deficiency","MONDO:0002304","SD","SOP7","Definitive","https://search.clinicalgenome.org/kb/gene-validity/CGGV:assertion_10e3af9d-80aa-4934-b592-594b1bd1cd92-2020-01-22T170000.000Z","2020-01-22T17:00:00.000Z","Hemostasis/Thrombosis Gene Curation Expert Panel"
"PSPH","HGNC:9577","neurometabolic disorder due to serine deficiency","MONDO:0018162","AR","SOP11","Moderate","https://search.clinicalgenome.org/kb/gene-validity/CGGV:assertion_fa832956-c4e9-4620-a2e7-3d6d6e9eea8c-2024-12-13T170000.000Z","2024-12-13T17:00:00.000Z","Aminoacidopathy Gene Curation Expert Panel"
"SETBP1","HGNC:15573","complex neurodevelopmental disorder","MONDO:0100038","AD","SOP7","Definitive","https://search.clinicalgenome.org/kb/gene-validity/CGGV:assertion_70505ca8-8869-4fa9-9965-fc8e03a19b28-2020-10-20T100000.000Z","2020-10-20T10:00:00.000Z","Intellectual Disability and Autism Gene Curation Expert Panel"
"SGCB","HGNC:10806","autosomal recessive limb-girdle muscular dystrophy","MONDO:0015152","AR","SOP11","Definitive","https://search.clinicalgenome.org/kb/gene-validity/CGGV:assertion_c90753f2-8252-400f-b7b3-9d0b04e1e12c-2024-11-14T170000.000Z","2024-11-14T17:00:00.000Z","Muscular Dystrophies and Myopathies Gene Curation Expert Panel"
"SMARCA2","HGNC:11098","intellectual disability-sparse hair-brachydactyly syndrome","MONDO:0011053","AD","SOP7","Definitive","https://search.clinicalgenome.org/kb/gene-validity/CGGV:assertion_5cde86bc-f99f-40cf-8c32-eac9f8f8a67d-2020-08-18T100000.000Z","2020-08-18T10:00:00.000Z","Intellectual Disability and Autism Gene Curation Expert Panel"
"SNTA1","HGNC:11167","long QT syndrome","MONDO:0002442","AD","SOP7","Disputed","https://search.clinicalgenome.org/kb/gene-validity/CGGV:assertion_03c758a6-9290-4e14-9501-0ffb0fbfe8ce-2020-04-24T040000.000Z","2020-04-24T04:00:00.000Z","Long QT syndrome Gene Curation Expert Panel"
"SOX17","HGNC:18122","pulmonary arterial hypertension","MONDO:0015924","AD","SOP11","Definitive","https://search.clinicalgenome.org/kb/gene-validity/CGGV:assertion_8d47cc1b-9fe0-4f2f-9415-1490d81a5ca3-2025-10-22T160000.000Z","2025-10-22T16:00:00.000Z","Pulmonary Hypertension Gene Curation Expert Panel"
"SYP","HGNC:11506","non-syndromic X-linked intellectual disability","MONDO:0019181","XL","SOP8","Moderate","https://search.clinicalgenome.org/kb/gene-validity/CGGV:assertion_b0d770a5-873c-4a55-98da-fa8d235ff93b-2020-12-15T230000.000Z","2020-12-15T23:00:00.000Z","Intellectual Disability and Autism Gene Curation Expert Panel"
"TNPO3","HGNC:17103","muscular dystrophy, limb-girdle, autosomal dominant","MONDO:0015151","AD","SOP11","Definitive","https://search.clinicalgenome.org/kb/gene-validity/CGGV:assertion_9cd2cbd3-46da-490c-9765-40b52750dded-2025-03-11T160000.000Z","2025-03-11T16:00:00.000Z","Muscular Dystrophies and Myopathies Gene Curation Expert Panel"
"TRDN","HGNC:12261","long QT syndrome","MONDO:0002442","AR","SOP7","Strong","https://search.clinicalgenome.org/kb/gene-validity/CGGV:assertion_1278bd6a-6ac7-4556-87ea-f860027b2da5-2020-04-24T040000.000Z","2020-04-24T04:00:00.000Z","Long QT syndrome Gene Curation Expert Panel"
"ZC4H2","HGNC:24931","X-linked syndromic intellectual disability","MONDO:0020119","XL","SOP7","Definitive","https://search.clinicalgenome.org/kb/gene-validity/CGGV:assertion_64ba9cd6-bdfd-4b85-9bdd-1b317715230d-2020-10-07T100000.000Z","2020-10-07T10:00:00.000Z","Intellectual Disability and Autism Gene Curation Expert Panel"
"HDAC9","HGNC:14065","auriculocondylar syndrome","MONDO:0000107","AD","SOP11","Disputed","https://search.clinicalgenome.org/kb/gene-validity/CGGV:assertion_02118740-2bff-40b7-9ed2-4c6558167ea0-2025-11-20T050000.000Z","2025-11-20T05:00:00.000Z","Craniofacial Malformations Gene Curation Expert Panel"
"CTLA4","HGNC:2505","autoimmune lymphoproliferative syndrome due to CTLA4 haploinsufficiency","MONDO:0014493","AD","SOP11","Definitive","https://search.clinicalgenome.org/kb/gene-validity/CGGV:assertion_e79675bd-3eef-4925-b4ef-3b7c48734f30-2020-12-15T050000.000Z","2020-12-15T05:00:00.000Z","Antibody Deficiencies Gene Curation Expert Panel"
"AP3B1","HGNC:566","Hermansky-Pudlak syndrome 2","MONDO:0011997","AR","SOP6","Definitive","https://search.clinicalgenome.org/kb/gene-validity/CGGV:assertion_00ce813c-9493-48f9-9351-b70defb71d75-2020-02-26T050000.000Z","2020-02-26T05:00:00.000Z","Hemostasis/Thrombosis Gene Curation Expert Panel"
"ITCH","HGNC:13890","syndromic multisystem autoimmune disease due to ITCH deficiency","MONDO:0013245","AR","SOP11","Definitive","https://search.clinicalgenome.org/kb/gene-validity/CGGV:assertion_00d5cbfd-6118-48c7-b0d1-393f3e001118-2025-10-20T050000.000Z","2025-10-20T05:00:00.000Z","Primary Immune Regulatory Disorders Gene Curation Expert Panel"
"ADNP","HGNC:15766","ADNP-related multiple congenital anomalies - intellectual disability - autism spectrum disorder","MONDO:0014379","AD","SOP7","Definitive","https://search.clinicalgenome.org/kb/gene-validity/CGGV:assertion_837200e1-ed55-415b-bd9e-6649e4abab1d-2020-01-15T110000.000Z","2020-01-15T11:00:00.000Z","Intellectual Disability and Autism Gene Curation Expert Panel"
"BCS1L","HGNC:1020","mitochondrial disease","MONDO:0044970","AR","SOP10","Definitive","https://search.clinicalgenome.org/kb/gene-validity/CGGV:assertion_103c4ff3-1304-444e-93c7-c4cc729f19e4-2024-09-19T040000.000Z","2024-09-19T04:00:00.000Z","Mitochondrial Diseases Gene Curation Expert Panel"
"POT1","HGNC:17284","tumor predisposition syndrome 3","MONDO:0014368","AD","SOP11","Definitive","https://search.clinicalgenome.org/kb/gene-validity/CGGV:assertion_eb52705d-a07a-47d2-afd9-11644350735b-2025-09-09T160000.000Z","2025-09-09T16:00:00.000Z","Childhood, Adolescent and Young Adult Cancer Predisposition Gene Curation Expert Panel"
"DTNA","HGNC:3057","dilated cardiomyopathy","MONDO:0005021","AD","SOP10","Limited","https://search.clinicalgenome.org/kb/gene-validity/CGGV:assertion_cdac9dca-0cc7-4cca-9af7-d2767d917fd4-2026-02-23T170000.000Z","2026-02-23T17:00:00.000Z","Dilated Cardiomyopathy Gene Curation Expert Panel"
"EHMT1","HGNC:24650","Kleefstra syndrome","MONDO:0012455","AD","SOP5","Definitive","https://search.clinicalgenome.org/kb/gene-validity/CGGV:assertion_db91a861-6a88-4848-b6d5-4772bdef52ff-2018-06-06T100000.000Z","2018-06-06T10:00:00.000Z","Intellectual Disability and Autism Gene Curation Expert Panel"
"MYBPC3","HGNC:7551","dilated cardiomyopathy","MONDO:0005021","AD","SOP10","Limited","https://search.clinicalgenome.org/kb/gene-validity/CGGV:assertion_652d0370-9574-450c-b7c4-eec86ade9046-2026-03-04T170000.000Z","2026-03-04T17:00:00.000Z","Dilated Cardiomyopathy Gene Curation Expert Panel"
"DDX3X","HGNC:2745","X-linked syndromic intellectual disability","MONDO:0020119","XL","SOP7","Definitive","https://search.clinicalgenome.org/kb/gene-validity/CGGV:assertion_3b7c89d4-ccb2-4d4e-ad11-9d6051a40b6d-2020-05-05T100000.000Z","2020-05-05T10:00:00.000Z","Intellectual Disability and Autism Gene Curation Expert Panel"
"CACNA1G","HGNC:1394","spinocerebellar ataxia type 42","MONDO:0014776","AD","SOP11","Definitive","https://search.clinicalgenome.org/kb/gene-validity/CGGV:assertion_b5e57bac-5985-4f39-a35e-ae2f3db0a5bf-2024-12-04T170000.000Z","2024-12-04T17:00:00.000Z","Syndromic Disorders Gene Curation Expert Panel"
"SAG","HGNC:10521","retinitis pigmentosa 47","MONDO:0013407","AR","SOP11","Definitive","https://search.clinicalgenome.org/kb/gene-validity/CGGV:assertion_6efe19f6-e168-4d90-b50f-0f75add92088-2026-01-15T170000.000Z","2026-01-15T17:00:00.000Z","Retina Gene Curation Expert Panel"
"MT-TQ","HGNC:7495","mitochondrial disease","MONDO:0044970","MT","SOP12","Limited","https://search.clinicalgenome.org/kb/gene-validity/CGGV:assertion_be8894e0-8d48-4f4a-86cd-66bc465cde70-2025-07-14T160000.000Z","2025-07-14T16:00:00.000Z","Mitochondrial Diseases Gene Curation Expert Panel"
"CRELD1","HGNC:14630","congenital heart disease","MONDO:0005453","AD","SOP9","Limited","https://search.clinicalgenome.org/kb/gene-validity/CGGV:assertion_1aa67af6-c8df-4151-98ab-049b69fefd08-2023-09-05T040000.000Z","2023-09-05T04:00:00.000Z","Congenital Heart Disease Gene Curation Expert Panel"
"SCO2","HGNC:10604","mitochondrial disease","MONDO:0044970","AR","SOP10","Definitive","https://search.clinicalgenome.org/kb/gene-validity/CGGV:assertion_81a927e7-b340-4c8c-a020-3d41cb939356-2024-10-07T040000.000Z","2024-10-07T04:00:00.000Z","Mitochondrial Diseases Gene Curation Expert Panel"
"SPG7","HGNC:11237","mitochondrial disease","MONDO:0044970","AR","SOP11","Definitive","https://search.clinicalgenome.org/kb/gene-validity/CGGV:assertion_cc786211-6953-4d58-b2b4-0c366d83a518-2026-02-19T050000.000Z","2026-02-19T05:00:00.000Z","Mitochondrial Diseases Gene Curation Expert Panel"
"SPG7","HGNC:11237","mitochondrial disease","MONDO:0044970","AD","SOP11","Disputed","https://search.clinicalgenome.org/kb/gene-validity/CGGV:assertion_c7245bb7-2cc1-43d8-a40b-a40d3d656658-2026-02-19T050000.000Z","2026-02-19T05:00:00.000Z","Mitochondrial Diseases Gene Curation Expert Panel"
"ARG1","HGNC:663","arginase deficiency","MONDO:0008814","AR","SOP7","Definitive","https://search.clinicalgenome.org/kb/gene-validity/CGGV:assertion_0157f793-9232-4700-bbf0-dfb16270f688-2020-06-29T174101.533Z","2020-06-29T17:41:01.533Z","Aminoacidopathy Gene Curation Expert Panel"
"CHRNA2","HGNC:1956","familial sleep-related hypermotor epilepsy","MONDO:0000030","AD","SOP7","Limited","https://search.clinicalgenome.org/kb/gene-validity/CGGV:assertion_0f832b8a-af5a-494e-bfdb-70cc619addf1-2020-12-25T015652.186Z","2020-12-25T01:56:52.186Z","Epilepsy Gene Curation Expert Panel"
"CHRNA4","HGNC:1958","familial sleep-related hypermotor epilepsy","MONDO:0000030","AD","SOP7","Definitive","https://search.clinicalgenome.org/kb/gene-validity/CGGV:assertion_e3aa0108-5514-48ba-a09c-5506b2030d1f-2020-02-18T170000.000Z","2020-02-18T17:00:00.000Z","Epilepsy Gene Curation Expert Panel"
"CSTB","HGNC:2482","genetic developmental and epileptic encephalopathy","MONDO:0100062","AR","SOP8","Moderate","https://search.clinicalgenome.org/kb/gene-validity/CGGV:assertion_accafcd4-ba3c-4049-9285-1de877d256ec-2020-12-01T060000.000Z","2020-12-01T06:00:00.000Z","Epilepsy Gene Curation Expert Panel"
"DAG1","HGNC:2666","neuromuscular disease caused by qualitative or quantitative defects of alpha-dystroglycan","MONDO:0018282","AR","SOP9","Definitive","https://search.clinicalgenome.org/kb/gene-validity/CGGV:assertion_61b73fd7-5578-447b-9482-ea64d62dae1d-2024-08-13T190000.000Z","2024-08-13T19:00:00.000Z","Muscular Dystrophies and Myopathies Gene Curation Expert Panel"
"PLCB1","HGNC:15917","genetic developmental and epileptic encephalopathy","MONDO:0100062","AR","SOP7","Definitive","https://search.clinicalgenome.org/kb/gene-validity/CGGV:assertion_c7887c3b-332b-4586-93cf-4098796ab66f-2020-09-18T040000.000Z","2020-09-18T04:00:00.000Z","Epilepsy Gene Curation Expert Panel"
"SLC25A22","HGNC:19954","genetic developmental and epileptic encephalopathy","MONDO:0100062","AR","SOP7","Definitive","https://search.clinicalgenome.org/kb/gene-validity/CGGV:assertion_e9a7ba06-6ddf-4a94-a0df-0b6c164f72b9-2020-05-19T160000.000Z","2020-05-19T16:00:00.000Z","Epilepsy Gene Curation Expert Panel"
"SMAD6","HGNC:6772","SMAD6-related disease","MONDO:0700324","AD","SOP12","Definitive","https://search.clinicalgenome.org/kb/gene-validity/CGGV:assertion_c4f789cd-1561-48d1-9dae-98854f4b9121-2023-06-15T040000.000Z","2023-06-15T04:00:00.000Z","Craniofacial Malformations Gene Curation Expert Panel"
"CITED2","HGNC:1987","congenital heart disease","MONDO:0005453","AD","SOP9","Moderate","https://search.clinicalgenome.org/kb/gene-validity/CGGV:assertion_007f4832-e639-4b27-9cc0-8b8cfaf45534-2023-09-05T040000.000Z","2023-09-05T04:00:00.000Z","Congenital Heart Disease Gene Curation Expert Panel"
"SCO2","HGNC:10604","Charcot-Marie-Tooth disease","MONDO:0015626","AR","SOP12","Moderate","https://search.clinicalgenome.org/kb/gene-validity/CGGV:assertion_8c1cc0ca-0471-496b-941f-4c7a0ae854ae-2026-04-10T160000.000Z","2026-04-10T16:00:00.000Z","Charcot-Marie-Tooth Disease Gene Curation Expert Panel"
"IFT43","HGNC:29669","ciliopathy","MONDO:0005308","AR","SOP12","Moderate","https://search.clinicalgenome.org/kb/gene-validity/CGGV:assertion_67d63877-cb57-44d5-9ac3-1a13b86ce7e1-2026-04-22T040000.000Z","2026-04-22T04:00:00.000Z","Skeletal Disorders Gene Curation Expert Panel"
"B4GALT1","HGNC:924","B4GALT1-congenital disorder of glycosylation","MONDO:0011772","AR","SOP12","Definitive","https://search.clinicalgenome.org/kb/gene-validity/CGGV:assertion_640068f1-9d28-45fb-aa9b-a5b59df08975-2026-05-18T160000.000Z","2026-05-18T16:00:00.000Z","Congenital Disorders of Glycosylation Gene Curation Expert Panel"
"PQBP1","HGNC:9330","Renpenning syndrome","MONDO:0010653","XL","SOP12","Definitive","https://search.clinicalgenome.org/kb/gene-validity/CGGV:assertion_8128f36b-f273-49ee-bfd8-bee64b4df921-2026-06-30T100000.000Z","2026-06-30T10:00:00.000Z","Intellectual Disability and Autism Gene Curation Expert Panel"
"LAMC3","HGNC:6494","complex neurodevelopmental disorder","MONDO:0100038","AD","SOP12","Disputed","https://search.clinicalgenome.org/kb/gene-validity/CGGV:assertion_0ff89702-c97e-4ef9-91ce-2e37b66efd84-2020-09-01T100000.000Z","2020-09-01T10:00:00.000Z","Intellectual Disability and Autism Gene Curation Expert Panel"
"KATNAL2","HGNC:25387","complex neurodevelopmental disorder","MONDO:0100038","AD","SOP12","Disputed","https://search.clinicalgenome.org/kb/gene-validity/CGGV:assertion_eddbdd3e-2f6b-4b55-a951-988ee214b08b-2020-05-20T100000.000Z","2020-05-20T10:00:00.000Z","Intellectual Disability and Autism Gene Curation Expert Panel"
"NEXMIF","HGNC:29433","X-linked complex neurodevelopmental disorder","MONDO:0100148","XL","SOP7","Definitive","https://search.clinicalgenome.org/kb/gene-validity/CGGV:assertion_191437ab-2e73-4a0b-a660-ab5eab4c1066-2020-02-05T110000.000Z","2020-02-05T11:00:00.000Z","Intellectual Disability and Autism Gene Curation Expert Panel"
"FBLN5","HGNC:3602","demyelinating hereditary motor and sensory neuropathy","MONDO:0018776","AD","SOP12","Moderate","https://search.clinicalgenome.org/kb/gene-validity/CGGV:assertion_a863341a-9dcf-4a4f-a82d-7edb5e63fe92-2026-08-08T160000.000Z","2026-08-08T16:00:00.000Z","Charcot-Marie-Tooth Disease Gene Curation Expert Panel"
"SBF1","HGNC:10542","Charcot-Marie-Tooth disease type 4B3","MONDO:0014117","AR","SOP12","Moderate","https://search.clinicalgenome.org/kb/gene-validity/CGGV:assertion_c0f814d9-02db-4c0c-8e1c-20a7759d993f-2026-08-08T160000.000Z","2026-08-08T16:00:00.000Z","Charcot-Marie-Tooth Disease Gene Curation Expert Panel"
